student,y_true,y_pred
6516,1,1
24734,1,3
26192,0,1
28061,1,1
31600,1,1
46844,1,1
52765,1,1
55104,1,1
58071,1,1
58316,1,1
62487,1,1
63165,1,1
65002,2,2
70011,1,1
75255,1,1
79403,3,2
85092,1,1
85144,1,1
85302,1,1
87431,3,2
94961,1,1
95755,3,2
101116,1,1
107489,1,1
108872,1,1
109155,1,1
111512,2,2
117818,1,1
119902,3,3
121349,1,1
124064,0,1
125018,1,1
129955,3,3
130034,1,1
130547,1,1
130636,1,1
131390,1,1
133816,1,1
133922,1,1
135335,3,3
135400,1,1
135471,0,0
139033,2,1
141377,1,1
141506,2,2
146503,1,1
147756,1,2
148993,1,1
149741,1,1
149962,1,1
151587,3,2
152668,3,3
155984,1,1
158707,3,3
159954,3,2
164944,1,1
165226,2,3
167961,1,1
174024,1,1
174094,1,1
174745,1,1
175447,1,1
175772,3,3
183057,1,1
185350,2,2
188278,1,1
199636,1,1
199897,1,1
200804,1,1
205494,1,1
228021,0,1
228383,1,1
232307,1,1
235068,1,1
235507,1,1
236875,1,3
237274,1,1
243510,2,2
244246,1,1
248581,0,1
252073,1,1
254625,0,1
258587,0,1
260355,3,3
260623,1,1
263251,1,1
263543,1,1
263952,0,1
266524,1,3
268733,2,3
273346,1,1
274947,3,2
275674,3,3
275792,1,1
277123,2,3
277880,3,2
281077,1,1
281636,1,1
285315,1,1
287040,1,1
287204,1,1
287210,1,1
288994,2,3
289449,1,1
290164,1,1
292525,1,1
292775,1,1
293824,1,1
294496,1,1
294655,2,1
295060,2,1
295075,1,1
296424,1,1
298034,2,1
298838,1,1
301967,1,1
302476,0,1
303521,1,1
303985,1,1
304465,1,1
306646,1,1
309142,1,1
310412,1,1
311235,1,1
311659,2,3
313937,1,1
315076,1,1
315744,0,1
323370,1,1
323805,3,3
328024,1,1
328734,3,3
329659,2,1
330594,1,1
331358,0,1
332884,1,1
334441,2,3
335247,1,1
335764,1,1
337748,3,2
338407,1,1
341876,3,3
342007,1,1
345440,1,1
345519,1,1
346118,1,1
348275,3,3
348807,1,1
350156,1,1
350939,1,1
351336,1,1
353665,1,1
354170,2,1
356170,1,1
358182,1,1
364957,1,1
369834,3,1
371710,1,1
373872,1,1
375260,1,1
375646,1,1
377546,0,1
381642,3,1
382095,1,1
383180,3,3
383600,1,1
383723,1,1
384203,1,1
384725,1,1
387533,2,2
387954,3,3
388147,2,3
390890,1,1
391249,0,1
396599,2,2
396655,2,3
398171,1,1
398349,1,1
400147,1,2
400682,1,1
401404,1,1
402204,1,1
402727,1,1
402961,1,1
404356,1,1
406671,1,1
406682,0,1
409100,1,1
409703,1,1
410092,1,1
411971,1,1
415969,2,2
418731,2,2
421455,1,1
424577,1,1
429858,0,2
431025,2,1
439305,1,1
440319,3,3
442064,1,1
442132,1,1
446108,1,1
447481,1,2
468120,2,3
468694,3,1
470588,3,2
470982,1,1
476603,0,1
481022,2,2
483800,1,1
484897,1,1
485962,1,1
488382,3,3
488990,1,1
500113,1,1
503889,1,1
514526,3,3
518808,1,1
522482,3,2
527100,0,1
527801,2,2
533068,1,1
537081,2,1
544253,1,1
548120,1,1
561467,3,3
567922,3,3
569505,0,1
570317,1,1
574505,1,3
588477,1,1
593846,3,1
593987,2,1
596288,1,1
598070,3,3
603834,1,1
603861,3,1
608440,3,3
623710,3,3
623840,1,1
626240,1,1
628088,3,3
628312,3,3
630142,3,2
637665,1,1
639053,1,1
642878,3,3
648130,3,1
676546,3,2
677186,1,1
677281,2,2
684180,1,2
687698,1,2
696073,1,1
696578,3,2
721259,3,2
852847,2,2
998493,1,1
1045203,1,1
1112555,1,1
1183831,3,2
1268696,1,1
1336190,1,3
1352868,1,1
1398979,3,1
1456619,3,3
1469279,3,3
1471214,1,1
1472925,1,1
1484804,1,1
1511033,1,1
1576513,0,0
1609002,1,1
1629771,0,1
1676594,3,3
1686551,3,3
1689639,3,3
1715896,1,1
1721270,1,2
1757766,1,1
1773377,1,1
1799111,1,1
1818673,2,3
1839386,3,2
1926668,1,1
1947156,1,1
1967783,1,1
1970390,1,1
1975209,1,1
2010232,1,1
2045084,2,2
2057803,1,1
2073016,2,2
2085209,1,0
2086400,1,1
2139353,1,1
2148681,1,1
2158048,3,2
2158196,3,3
2165164,1,1
2168833,3,2
2207874,2,2
2240349,1,1
2244332,0,1
2273119,3,3
2277857,1,1
2297896,1,1
2313257,3,3
2318055,1,1
2330254,1,1
2355470,1,1
2358969,1,1
2363863,0,1
2365101,3,3
2369415,1,1
2375975,1,1
2397661,1,2
2398313,1,1
2404408,2,3
2425993,1,1
2429854,2,3
2432796,1,1
2434159,1,1
2436812,2,3
2467267,1,2
2470694,2,2
2473538,1,3
2474849,3,2
2494700,1,1
2500258,1,1
2507842,3,3
2509639,1,1
2514368,0,2
2514898,1,1
2521865,1,1
2522927,1,1
2540168,3,3
2546445,3,3
2551797,1,1
2551932,3,2
2569324,1,1
2574990,2,1
2576122,2,2
2578676,1,1
2581477,1,1
2584873,1,1
2595841,2,1
2596621,1,1
2601889,1,1
2602338,2,2
2606802,2,2
2624961,2,1
2630087,3,3
2633226,1,1
2642616,1,1
2642935,0,1
2648611,1,1
2649800,1,1
2654628,1,1
2677624,1,1
2680312,1,1
2688166,1,2
2690062,3,3
2692514,1,1
2694788,2,2
25629,3,3
25997,3,2
27891,2,2
38941,2,3
50069,2,2
52426,2,2
55968,2,3
59725,0,1
60416,1,1
60830,1,1
63721,0,1
64275,1,1
72400,0,1
75118,3,3
76196,3,3
78255,2,2
80001,2,3
88340,3,3
89092,1,1
89778,0,0
90361,1,1
92274,3,3
92341,2,2
93925,3,3
97006,1,1
97865,3,2
99799,1,1
103535,1,1
104238,3,3
107713,3,2
108799,0,1
115452,2,1
117699,0,1
119471,2,1
123270,2,2
123462,1,1
125055,1,1
126608,1,1
126713,1,1
130013,1,1
132972,1,1
139250,0,0
140719,2,1
148427,1,0
155631,1,1
157276,0,1
159293,0,0
165904,0,0
170519,3,3
171751,1,1
172137,1,1
183287,3,3
185021,1,2
186565,2,3
187257,1,1
187601,1,1
189035,1,1
189986,3,3
190352,2,1
190565,1,1
194073,3,3
200506,3,3
201431,1,1
202394,0,1
206003,0,1
226747,0,1
228481,1,1
228784,1,1
228824,1,1
231959,2,2
232539,0,1
233095,1,1
233102,1,1
235097,3,2
235380,2,2
235428,2,1
236161,1,1
238519,3,3
242390,2,2
244064,0,1
247292,1,1
247513,1,1
250123,0,1
252652,1,1
260955,2,2
262294,2,3
263098,3,3
264106,1,1
265958,2,2
266744,3,3
268301,0,1
270256,3,3
271346,3,3
271467,2,2
275006,3,3
275112,2,2
279557,3,3
282161,3,3
282713,1,1
283131,2,1
283564,2,2
283978,2,2
284589,3,3
284593,3,3
285567,1,1
286914,1,1
287004,3,3
288717,3,3
288967,1,1
289108,1,1
289993,3,3
290914,0,1
291844,1,2
291848,2,2
293992,1,1
294513,0,0
295728,2,2
296232,1,1
297179,3,3
299027,2,3
299485,3,3
304607,2,3
305307,3,3
305373,2,1
305824,3,3
307386,1,2
308345,2,3
311599,1,0
311889,2,1
312275,3,3
313246,1,2
317855,3,3
318500,2,1
318876,1,1
319606,2,1
320363,2,1
320661,3,3
321121,1,1
321142,2,3
321346,1,1
322325,2,2
322509,1,1
324907,1,1
325080,1,1
325308,0,2
327003,0,1
327641,1,1
331156,1,2
331494,3,3
334023,1,1
334565,0,0
334981,0,1
336356,1,0
338168,2,2
339381,1,0
340831,1,1
340962,3,3
341027,3,3
342017,2,3
347864,3,2
348771,2,1
349258,2,2
349401,3,3
351767,3,3
352009,2,3
352953,3,2
354121,3,3
354560,3,3
354984,1,1
355147,1,1
355369,2,3
355643,1,1
356386,2,2
358054,3,3
358956,1,1
359438,0,1
360190,2,2
363110,1,1
363396,0,1
364712,3,3
365111,3,2
365488,2,2
366936,3,2
367535,1,1
369715,1,1
370008,2,2
372997,0,1
374515,3,2
374747,1,2
375711,2,2
375717,1,1
376868,2,3
377469,1,1
377929,3,3
379785,3,3
380184,1,1
380204,1,1
381525,3,3
381533,1,1
381544,1,1
381909,0,1
381917,0,1
382877,3,3
383241,1,1
383967,1,1
384099,3,3
384636,2,3
384884,1,1
386374,2,2
387276,3,3
388041,3,3
388168,3,3
389249,1,1
391153,1,1
391556,2,3
392604,1,1
392733,2,3
393131,2,3
394010,3,3
394067,0,1
394331,1,1
394480,2,3
394520,1,1
395374,1,1
396456,0,1
396799,0,1
397312,2,1
397747,1,1
397829,1,1
400729,3,3
401441,2,2
405268,0,0
406600,1,1
406974,2,2
407545,3,1
408469,3,3
408581,0,1
411895,2,2
412156,3,3
415298,2,3
417263,1,1
417684,0,1
420641,3,3
420663,1,1
421326,2,1
421992,2,2
423652,0,1
424014,1,1
424659,3,3
424863,2,2
429099,0,1
429417,1,1
429777,3,2
430002,2,3
432480,1,2
435057,2,2
435282,2,3
437171,1,1
437565,1,1
438775,3,2
439109,2,2
439710,0,0
439925,3,3
440075,3,3
440664,3,3
442497,2,2
444221,3,3
444561,1,1
444858,2,2
444872,1,1
445136,3,3
445415,1,1
445494,1,1
446296,2,2
446650,1,1
446755,0,1
447184,1,1
447265,1,1
447292,2,2
465369,1,1
466248,3,3
466377,3,3
466856,0,1
467100,2,1
467303,1,1
467580,1,1
468349,2,2
468529,3,2
469177,1,1
469664,3,3
470113,1,1
470331,3,1
470693,0,0
471157,2,3
471925,1,1
473095,3,2
473509,2,3
474607,2,2
475631,3,3
475981,1,2
476037,2,1
477779,2,1
478242,1,1
478317,2,1
479738,1,1
480372,1,1
480924,3,3
481150,1,1
481947,2,3
483031,0,1
483411,2,3
483468,1,1
483485,1,1
483921,2,3
484351,3,3
484446,3,3
484821,2,3
484983,3,2
485180,1,1
485262,1,1
485675,2,2
485980,1,1
486994,0,0
487002,0,1
487226,3,3
487386,3,2
487543,1,1
487573,3,3
489198,2,3
490391,1,1
491114,3,3
492468,3,3
492895,3,3
492928,2,1
493559,1,1
494896,1,1
494948,3,3
495324,3,3
495876,2,2
495958,3,3
496547,3,3
497872,3,2
499952,3,3
500279,2,3
500395,3,2
501095,1,0
504352,2,1
504393,3,3
504967,2,2
505151,3,2
505248,3,3
505899,1,1
506622,0,0
506650,1,1
507009,3,3
507817,3,3
507983,2,2
508100,2,1
508400,2,2
508470,1,1
508940,1,1
509696,1,1
510141,2,2
511238,3,3
511469,3,3
511506,2,1
511901,1,1
512118,3,3
513077,2,2
514031,1,1
515648,3,3
516601,2,1
517075,3,3
517679,0,1
518711,2,2
519078,1,1
519084,2,2
519859,1,0
521671,2,3
521957,3,1
522087,0,1
523021,3,2
523247,0,1
524290,1,1
525027,3,2
525942,2,1
526285,1,1
526948,3,3
529438,2,1
529439,2,3
529705,3,3
531290,3,3
531755,1,1
532274,2,1
532468,3,3
532617,0,1
533077,2,1
533210,0,1
533527,2,1
534143,2,2
534163,2,1
534428,3,3
534830,3,3
535077,1,1
535462,2,2
535506,1,1
535548,1,1
536286,0,1
536629,1,1
536805,1,1
537077,1,1
537171,1,0
537373,1,1
537605,2,3
537698,1,1
538196,3,2
539675,2,2
539894,1,1
540558,1,0
541769,1,1
542456,3,3
542466,1,1
542547,1,2
542562,3,3
543963,3,2
544050,2,2
544430,2,2
545146,1,1
545160,3,3
545196,1,1
545223,2,1
545254,1,1
546202,1,1
546302,2,3
547018,2,3
547268,3,3
547487,0,1
547556,2,1
548296,2,3
548445,2,1
548578,3,3
548844,2,2
549078,2,2
549087,2,3
549190,1,0
549892,3,2
550269,1,1
551053,2,1
551252,0,0
551515,1,1
551718,2,2
551953,2,2
552025,2,2
552656,3,3
552896,3,3
552931,3,2
553000,3,3
553437,2,2
553733,2,2
553807,2,2
553808,1,1
554004,1,1
554766,3,3
554969,0,1
555015,0,1
555603,3,3
555720,2,2
555860,2,1
555994,2,1
556012,2,1
556853,1,1
556877,1,0
557029,2,1
557351,2,2
558084,1,0
558595,1,1
558702,3,3
558921,0,1
559065,2,3
559090,3,2
559336,1,1
559381,1,1
559467,1,1
559573,2,2
559831,1,2
559861,1,0
560117,2,2
560238,0,1
560335,2,3
560536,1,1
560636,3,3
560920,3,2
561060,1,0
561061,1,1
561674,2,3
561953,1,1
561978,0,1
562139,3,3
562267,3,3
562438,3,3
562642,2,3
562643,3,3
562783,3,3
562857,1,1
563413,0,1
563487,1,1
563754,1,1
563822,2,3
563945,3,3
563986,2,1
563987,1,1
564409,1,0
564460,3,3
564810,3,3
564906,1,1
565008,3,3
565009,2,3
565344,2,2
565402,3,2
565869,1,1
565988,2,2
566181,1,1
566669,1,1
567048,1,1
567059,1,1
567273,3,3
567757,1,1
567889,1,1
567963,1,1
568042,2,2
568370,1,1
568559,1,1
568968,1,1
569074,3,2
569199,3,3
569225,1,1
569660,3,3
569663,1,1
569664,1,1
569761,1,1
569864,1,1
569970,1,1
570031,1,1
570133,3,3
570177,2,3
570186,3,2
570239,2,1
570437,0,0
570627,0,0
570721,3,3
571223,1,1
571540,1,1
571614,1,1
571732,3,3
571880,1,1
571897,1,1
571954,1,1
572187,2,2
572290,1,0
572370,3,3
572378,3,3
572987,3,3
573000,3,3
573108,3,3
573323,0,0
573488,1,2
573496,1,1
573806,0,1
573824,3,3
573851,1,1
573853,1,1
574057,2,3
574264,3,3
574553,3,3
574569,1,1
574748,3,3
574935,3,3
574944,3,3
575251,3,3
575602,1,1
575680,1,1
575980,3,2
575990,3,2
576179,3,3
576375,1,2
576738,0,0
577170,2,3
577304,2,2
577527,1,1
577676,1,1
577905,2,2
578003,2,3
578282,2,2
578574,1,1
579255,3,2
579448,3,3
579537,1,1
579720,2,1
580688,0,1
581222,1,1
581333,3,3
581353,1,1
581459,2,2
581647,3,3
582496,3,3
582742,2,2
583102,2,1
583950,2,1
584566,3,3
584632,2,3
584762,3,2
585048,1,1
585150,1,1
585283,3,3
585547,1,1
585727,2,3
586086,1,1
586111,2,3
586133,3,3
586417,3,3
586435,3,3
586712,1,0
586995,1,1
587181,1,2
587524,0,1
587538,0,1
587780,1,1
588039,1,1
588096,3,3
588302,1,1
588459,2,2
588484,1,1
588495,3,3
588592,3,2
588685,2,2
589300,3,3
589333,1,1
589444,0,1
589862,1,1
589997,0,1
590408,2,2
590520,2,3
590798,3,3
590812,2,2
590870,2,2
591094,3,2
591309,3,3
591547,2,1
591725,2,2
591743,2,2
592193,0,1
592602,3,3
592725,1,1
593345,2,2
593465,3,3
594061,0,0
594417,1,1
594774,2,3
595047,1,1
596171,0,0
596533,1,1
596602,3,3
597316,1,1
597321,2,3
597610,3,2
597730,2,1
597744,3,3
597882,1,1
598150,3,3
598250,3,3
598313,3,2
598415,3,1
598451,3,2
598495,2,3
598614,1,1
598624,1,1
598694,1,0
598836,3,3
598918,0,1
599132,1,1
599161,2,2
599202,0,0
599207,1,1
599382,3,3
599430,3,3
599480,3,3
599495,0,1
599769,2,2
599990,1,1
600259,3,3
600407,3,2
601010,1,1
601238,1,1
601316,3,3
601356,0,1
601616,1,1
601862,1,1
602011,2,2
602815,2,2
602898,3,2
602929,2,2
602991,1,1
603061,3,2
603112,1,1
603348,3,3
603543,2,3
603739,3,2
603762,0,1
603888,3,3
604106,1,1
604267,3,3
604375,3,3
604962,1,1
605388,3,3
605474,2,3
605597,2,2
605672,1,1
605693,1,1
605771,3,3
605956,3,3
605971,3,3
605996,1,2
606069,1,1
606075,2,3
606155,3,3
606313,1,1
606335,3,3
606501,3,3
606529,2,2
606634,1,1
606690,1,0
607108,2,2
607220,1,1
607339,3,3
607380,2,3
607436,3,3
607487,3,3
607529,1,1
607646,3,3
607678,1,2
607848,2,2
607953,2,1
607973,3,3
608060,3,3
608104,0,1
608110,1,1
608164,0,1
608407,0,1
608774,3,2
608961,2,3
609282,3,3
609422,3,2
609426,1,1
609596,0,1
610239,2,3
610340,2,2
610416,1,1
610494,3,2
610531,3,3
610589,3,3
610759,1,1
610802,2,2
611233,3,2
611348,1,1
611475,1,1
611586,3,2
611649,3,3
611719,2,3
611732,3,3
611816,3,3
611974,3,2
611977,3,3
611979,3,3
612082,0,1
612113,2,3
612120,2,2
612212,2,3
612370,2,1
612395,3,3
612396,2,2
612561,3,3
612600,2,3
612721,0,1
612756,1,1
612841,1,1
612862,0,1
612919,1,1
613038,1,1
613047,2,1
613093,1,1
613161,3,2
613162,1,1
613170,1,1
613199,1,1
613205,2,1
613299,2,3
613355,1,1
613426,1,1
613512,3,3
613559,3,3
613586,2,3
613641,3,3
613703,2,1
613718,1,1
613722,1,1
613743,1,1
613791,3,3
613832,2,2
613842,3,2
613856,1,1
613864,2,3
613874,1,1
613881,1,1
613896,3,3
613932,2,2
613946,1,1
613983,3,3
614039,1,1
614117,1,1
614130,1,1
614212,1,1
614270,3,3
614357,0,1
614403,2,3
614561,3,3
614562,3,3
614583,0,1
614586,3,3
614601,1,1
614629,0,0
614668,1,1
614693,1,1
614728,1,1
614732,1,1
614734,2,2
614738,0,0
614741,1,1
614742,1,1
614744,1,1
614745,1,1
614813,3,3
614871,1,1
614909,0,1
615018,3,3
615025,1,1
615028,1,1
615047,3,3
615090,1,1
615173,2,1
615212,3,3
615218,2,2
615259,1,1
615319,2,2
615443,1,1
616332,3,3
616354,2,2
616361,3,3
616377,2,1
616414,3,3
616428,3,3
616464,2,2
616511,0,1
616526,2,2
616536,1,1
616670,1,1
616739,2,1
616809,3,3
616816,3,3
616848,3,3
616914,1,2
616919,0,1
617012,1,1
617126,3,2
617134,3,2
617140,3,3
617146,2,2
617147,2,2
617190,1,1
617225,1,1
617287,2,2
617296,2,2
617297,3,3
617525,3,3
617556,3,2
617560,1,1
617576,1,1
617714,3,2
617717,2,2
617764,1,1
617792,1,1
617813,1,1
617843,3,2
617905,3,3
617950,3,3
617959,2,2
618054,3,3
618108,3,3
618137,3,2
618145,0,0
618151,1,1
618197,3,2
618205,1,1
618258,1,1
618265,3,2
618292,3,3
618360,3,3
618362,3,3
618399,1,1
618534,2,3
618539,2,3
618586,3,3
618631,2,3
618632,2,1
618670,1,1
618673,2,2
618710,3,3
618784,3,3
618816,2,3
618858,3,3
618869,2,1
618870,3,3
618882,1,1
618951,1,1
618957,3,3
618965,2,2
618981,1,1
619054,3,3
619161,2,3
619196,1,0
619207,2,3
619265,3,3
619288,1,1
619311,3,2
619330,3,2
619471,1,1
619508,3,2
619901,3,3
619980,2,3
620018,3,3
620047,3,3
620072,2,0
620073,1,1
620092,0,0
620126,3,2
620128,1,1
620129,1,2
620175,3,3
620220,3,2
620230,3,3
620257,1,1
620283,2,2
620289,3,3
620304,2,2
620354,0,1
620389,3,3
620408,0,1
620409,1,2
620427,0,1
620486,3,3
620507,3,2
620546,3,3
620573,1,1
620694,1,1
620791,3,3
620865,3,3
620889,1,1
620922,1,1
620923,1,1
620950,3,3
620980,1,1
621301,1,1
621303,2,3
621322,1,1
621323,3,2
621369,2,1
621394,1,1
621508,3,2
621607,3,3
621703,2,3
621731,3,3
621862,1,1
621885,3,3
621890,3,3
621894,1,1
621905,1,1
621937,2,3
622132,0,1
622180,3,3
622208,1,1
622217,2,2
622223,2,3
622330,3,3
622345,1,1
622466,1,1
622498,3,3
622505,0,1
622538,3,3
622604,1,1
622645,3,3
622715,2,1
622720,2,1
622766,2,1
622767,3,3
622838,2,2
622867,2,1
622925,3,3
622927,2,2
622974,1,1
622982,1,1
623001,3,2
623055,1,1
623069,2,2
623104,3,3
623168,1,1
623169,1,1
623177,2,2
623240,0,1
623295,2,2
623321,2,1
623333,1,1
623392,3,3
623406,1,2
623548,3,3
623603,2,2
623622,1,1
623651,3,3
623654,0,0
623660,1,1
623821,2,3
623845,1,1
623857,2,1
623882,1,1
623911,2,2
623914,3,3
623935,1,1
624011,1,1
624046,1,1
624069,1,1
624196,1,1
624202,3,3
624298,3,3
624306,1,1
624341,3,3
624350,3,2
624406,0,0
624411,3,3
624415,1,1
624427,3,3
624514,3,2
624518,3,3
624544,3,3
624549,3,3
624567,2,2
624572,3,3
624592,1,1
624598,2,3
624604,2,2
624653,1,1
624661,1,1
624663,3,3
624673,3,2
624674,2,3
624677,2,2
624704,2,2
624722,2,3
624734,3,2
624738,1,1
624743,3,3
624799,2,2
624847,1,1
624879,3,2
624950,3,3
624972,1,1
624997,1,2
625021,1,1
625024,1,1
625027,2,3
625071,1,1
625087,2,3
625094,1,1
625124,2,1
625167,1,2
625173,3,3
625180,2,2
625185,1,1
625202,3,3
625214,3,2
625249,1,1
625251,1,1
625295,2,2
625301,2,2
625307,3,3
625383,1,1
625390,1,1
625444,1,1
625465,3,3
625477,0,1
625478,2,3
625493,3,3
625511,3,3
625514,1,1
625578,3,2
625581,3,3
625619,3,3
625713,2,1
625724,1,1
625751,3,3
625768,2,2
625816,1,1
625833,0,0
625834,3,3
625853,2,2
625857,3,3
625879,2,2
625919,0,1
626046,0,1
626123,0,1
626126,1,1
626138,1,0
626164,1,1
626245,1,1
626254,1,1
626297,2,1
626330,3,3
626352,1,1
626365,1,1
626386,3,3
626428,2,2
626442,2,2
626460,3,3
626485,3,3
626491,0,1
626549,3,3
626555,1,1
626597,3,3
626604,1,1
626642,1,1
626746,3,3
626750,2,3
626773,3,3
626806,3,3
626840,3,3
626841,0,0
626843,1,2
626872,3,3
626876,3,3
626897,2,2
626917,2,3
626928,1,1
626951,1,1
626966,0,1
627000,2,2
627027,1,1
627094,2,2
627115,0,1
627118,1,1
627179,2,2
627185,1,1
627190,1,0
627228,3,3
627244,1,1
627245,3,3
627252,3,3
627256,3,3
627270,0,1
627277,3,3
627285,1,1
627316,3,3
627321,2,2
627380,1,1
627388,0,1
627403,2,0
627427,3,2
627509,1,1
627528,2,3
627549,0,1
627550,1,1
627613,2,2
627647,1,1
627659,1,1
627670,3,3
627680,3,2
627685,1,1
627748,3,3
627777,1,1
627948,2,1
628006,1,1
628119,2,1
628142,3,3
628176,1,1
628178,0,1
628180,1,1
628181,1,1
628183,2,2
628190,1,1
628287,2,1
628301,0,1
628327,3,3
628328,1,1
628329,2,2
628341,3,3
628360,3,3
628379,2,1
628389,0,1
628392,3,3
628402,3,3
628411,2,2
628423,0,1
628442,3,2
628511,2,2
628516,0,1
628525,2,2
628580,0,0
628586,2,1
628616,0,0
628635,1,1
628655,2,2
628751,1,1
628762,3,3
628765,3,3
628827,2,2
628843,3,3
628903,2,2
628941,1,1
628954,1,1
628970,3,2
628982,2,1
629026,1,1
629029,3,3
629037,1,1
629040,3,3
629044,2,2
629060,1,1
629088,3,3
629094,2,2
629103,2,1
629159,2,2
629240,1,1
629274,1,1
629340,3,3
629424,3,3
629461,2,2
629462,3,2
629484,3,3
629490,2,1
629504,1,1
629505,3,3
629507,1,1
629538,3,3
629554,2,1
629574,3,3
629619,1,1
629671,3,3
629736,3,3
629835,1,1
629870,2,2
629886,1,1
629891,0,1
629923,2,1
629971,3,3
629976,3,3
629983,3,3
629991,3,3
630028,1,1
630029,1,1
630030,1,1
630037,3,3
630052,0,1
630053,1,1
630090,2,2
630134,3,3
630147,2,2
630182,3,3
630260,2,1
630315,1,1
630333,1,1
630340,3,3
630345,2,1
630372,1,1
630393,0,1
630415,1,1
630443,1,0
630451,0,1
630476,3,2
630497,2,2
630549,2,1
630561,1,3
630586,2,2
630608,1,0
630718,1,1
630736,1,1
630763,1,1
630778,1,1
630794,2,1
630823,1,1
630833,2,3
630876,1,1
630902,3,3
630920,3,3
630944,1,1
630957,3,3
630999,3,2
631031,3,2
631081,1,1
631082,3,3
631086,2,1
631108,1,0
631109,1,1
631132,2,1
631190,3,3
631197,3,3
631225,1,1
631341,2,1
631354,3,2
631384,1,1
631422,3,3
631441,0,1
631442,2,2
631444,3,2
631445,1,1
631492,1,1
631515,1,1
631518,3,3
631530,1,1
631561,3,2
631563,2,2
631610,3,2
631613,1,1
631650,2,2
631679,0,0
631724,1,1
631766,1,0
631777,0,1
631848,1,1
631941,3,3
632040,2,3
632084,0,1
632113,2,3
632148,2,1
632181,3,3
632231,2,2
632254,1,1
632302,1,1
632447,3,2
632454,1,1
632470,2,2
632503,0,1
632536,2,2
632547,2,2
632574,3,2
632578,1,1
632605,3,3
632618,3,3
632658,1,2
632682,2,1
632704,1,1
632712,2,1
632752,1,1
632823,1,1
632847,3,2
632869,2,1
632911,3,3
633024,1,1
633052,3,3
633130,1,1
633162,2,2
633193,1,1
633208,1,1
633212,1,1
633228,2,2
633231,2,3
633245,2,2
633257,2,2
633378,3,3
633380,2,3
633386,1,1
633394,2,2
633462,3,3
633472,1,1
633491,2,2
633499,1,1
633560,0,1
633570,1,1
633590,0,0
633599,3,3
633603,2,1
633613,3,3
633646,1,1
633650,1,1
633669,1,1
633865,2,2
633883,3,3
633890,2,3
633900,3,3
633912,3,3
633929,1,1
633935,1,1
634058,1,2
634075,0,1
634077,1,1
634164,3,1
634188,1,1
634230,0,1
634265,1,1
634280,0,1
634286,1,1
634298,3,3
634304,1,1
634353,2,2
634373,3,3
634396,3,3
634412,1,1
634428,3,3
634472,0,1
634477,1,1
634481,1,1
634483,1,1
634486,3,3
634491,1,1
634606,2,1
634615,2,3
634715,0,1
634833,0,1
634851,0,1
634876,1,1
634928,1,1
634932,2,2
634944,1,1
634976,0,1
635011,1,1
635113,1,1
635122,1,0
635136,1,1
635173,0,1
635228,1,1
635230,0,1
635241,1,1
635244,1,1
635245,2,3
635246,2,2
635247,1,2
635432,2,2
635433,1,1
635435,1,1
635473,2,2
635591,1,1
635755,0,1
635761,1,1
635764,1,1
635771,1,1
635773,1,1
635774,1,1
635777,3,3
635788,1,1
635793,3,2
636271,2,3
637864,2,3
1108120,3,3
1127413,0,0
1332999,0,1
1341507,0,1
1393589,1,1
1406920,1,1
1431750,2,2
1453691,3,2
1502193,1,1
1508708,2,3
1525567,0,0
1536591,3,2
1540042,0,1
1559428,2,2
1560989,3,3
1588208,3,2
1611973,2,1
1624443,1,1
1625718,0,0
1626021,1,1
1633695,2,2
1719114,1,1
1730702,2,2
1732219,1,1
1759851,1,1
1763653,1,1
1780949,1,1
1782665,2,3
1786380,1,1
1829654,2,1
1840034,1,1
1863244,2,2
1864697,0,0
1866742,0,1
1877634,0,0
1932474,0,1
1933555,3,3
1934118,2,3
1955634,1,1
1957682,0,0
1967937,2,3
1969081,3,3
2002415,1,1
2006364,2,2
2022801,0,1
2034455,3,3
2052966,3,3
2080885,1,1
2081955,1,1
2082318,1,1
2087747,1,1
2094350,2,2
2104426,1,1
2108614,0,0
2133207,1,2
2148859,1,2
2153200,2,3
2164251,0,0
2181205,1,1
2184026,3,2
2213424,0,1
2221869,2,1
2230457,3,2
2243703,1,1
2246708,3,3
2248122,1,1
2266377,2,2
2271743,2,2
2273828,3,2
2277941,3,3
2291760,1,1
2300911,3,2
2300913,2,3
2303083,2,3
2308026,1,1
2308564,1,1
2315082,3,2
2317273,1,1
2334930,1,1
2340165,0,1
2343413,1,0
2351235,3,3
2353787,3,3
2363561,3,3
2372088,3,2
2392789,1,1
2409808,3,3
2410331,3,3
2417841,3,3
2418877,2,2
2420725,2,3
2421428,3,3
2436707,2,2
2437062,3,3
2437428,2,3
2438291,3,3
2439442,3,3
2440756,1,1
2444501,3,2
2446599,1,1
2476144,1,1
2482994,3,1
2487785,1,1
2494258,3,3
2502127,0,0
2509297,3,3
2512349,3,3
2513954,0,1
2514044,1,1
2523350,1,1
2523430,3,3
2523989,1,2
2524295,1,2
2526784,1,1
2532643,2,3
2533391,0,0
2534954,1,1
2538123,3,2
2539641,1,1
2541388,1,1
2552149,3,3
2554464,2,3
2567352,3,3
2568059,1,1
2570092,0,1
2571054,1,1
2574365,0,1
2575914,1,2
2578704,3,3
2590564,0,1
2591974,0,1
2592923,2,2
2597543,1,1
2602679,0,1
2605113,3,3
2609574,3,2
2611847,2,2
2625752,2,3
2626410,2,2
2626511,3,3
2632243,3,3
2634946,3,2
2636696,1,1
2641657,1,1
2641682,2,2
2643007,1,1
2652209,1,1
2653570,2,2
2659042,0,1
2677541,3,2
2681783,1,1
2683697,2,2
2687378,1,1
2687644,3,3
2690136,2,3
2690719,3,3
26315,1,2
26734,2,2
32327,3,2
32930,1,2
34431,3,3
34662,3,3
38711,3,2
39208,1,1
41547,1,1
47891,2,2
53236,3,3
57285,1,2
58520,3,3
58653,1,2
59272,1,2
61352,3,2
63467,1,2
65807,3,3
70569,1,2
70750,3,3
71504,1,1
72349,3,3
73584,3,2
73874,3,2
74574,3,3
82611,3,2
84541,2,3
89850,0,2
98452,3,2
98842,1,2
99088,3,2
102067,3,2
103496,1,1
103998,2,3
106095,1,2
106383,3,3
106793,2,2
108859,1,1
109441,1,2
110911,1,1
114402,0,1
116606,1,2
117544,1,1
117545,2,2
118213,2,2
118877,3,2
119437,3,3
119444,3,2
123087,1,2
125535,1,2
125874,3,3
126769,1,2
126800,1,1
132055,3,3
132924,2,2
138407,3,3
142324,1,2
145280,1,1
150398,0,1
151917,1,2
152973,1,1
155484,0,1
156358,3,2
157752,2,2
160026,1,2
161811,3,3
165099,2,2
165498,3,3
169008,1,2
169400,0,0
173163,2,2
177554,2,2
179073,3,2
179297,2,3
184234,2,2
184583,2,2
184972,1,1
188766,1,1
191459,2,1
191746,2,1
191973,1,2
192944,1,1
193310,1,1
195221,2,2
195345,1,2
195940,1,2
197527,2,2
201655,3,3
205978,3,3
226839,1,1
228235,3,3
228909,3,2
229326,3,3
230383,1,2
235371,1,2
237913,1,1
238144,2,2
242893,3,2
245784,2,2
247457,0,1
247967,3,2
249154,2,2
252863,1,2
254313,3,3
254612,2,3
255957,3,3
258268,1,1
258840,1,2
260137,1,1
260216,2,2
260777,3,3
263448,1,1
264281,3,3
264694,2,3
264732,3,3
265466,1,1
267774,3,3
269510,2,2
270191,3,3
271047,3,3
272000,2,3
272617,3,2
275006,1,2
275180,1,1
275296,2,2
276925,1,2
277967,1,1
279238,3,3
280054,2,2
280152,0,1
284246,2,1
284762,1,2
285470,1,3
285992,3,3
286338,1,1
286947,1,2
288086,1,2
288655,3,3
290184,1,2
292813,3,3
293387,1,1
293989,3,2
294134,1,2
297179,1,2
297685,1,1
297806,2,2
298187,1,2
298303,0,1
298961,1,2
300819,0,2
303165,1,2
303617,1,2
305909,1,1
306478,1,2
306880,3,3
308775,0,3
308850,2,2
314252,1,1
314675,1,2
314801,1,2
316421,3,3
321450,1,2
322184,3,2
322574,2,2
327224,2,2
327940,1,2
330917,1,2
330981,3,3
335035,2,1
335765,3,3
338554,1,2
340216,1,1
340592,2,2
340899,3,2
341611,2,2
342192,1,2
343138,2,2
345128,2,3
349924,3,2
350312,2,2
350797,1,1
351050,1,2
353617,2,2
357901,2,2
358001,1,1
358204,0,1
361411,1,2
363213,1,2
364527,1,2
365097,0,2
365111,2,2
366479,1,2
366791,3,3
368521,1,2
369234,2,2
372602,0,2
373174,1,1
373846,3,3
376117,3,3
379212,3,2
379720,1,2
380515,3,2
381882,2,2
384266,3,3
385341,2,2
385405,1,2
387276,3,3
387406,2,2
387773,0,0
388738,3,1
391937,1,1
393529,3,3
394314,3,2
395169,3,3
395320,1,1
395822,1,1
396016,2,2
396673,3,3
397414,1,2
398071,3,3
398442,1,1
399737,0,1
400549,1,2
401317,1,3
402180,1,2
403213,1,2
404121,1,2
404415,1,1
406000,1,1
409708,1,2
411105,3,2
411150,3,2
412081,1,2
412343,2,2
414663,3,3
417971,3,3
417978,3,3
417986,1,2
418077,1,1
418206,3,3
418502,3,3
419924,3,2
420631,1,2
423398,1,1
423613,3,2
424220,1,2
424586,3,3
425314,3,3
425772,1,2
426340,3,3
426624,0,1
430530,3,3
433064,2,2
433939,2,2
435287,2,2
437550,1,1
439677,1,2
439806,0,1
440912,3,3
442685,3,3
442745,3,2
444361,0,1
444545,1,2
444768,1,1
445136,0,2
445647,3,2
445774,0,2
446619,3,2
447124,1,2
447324,2,2
467396,0,2
469579,1,2
469803,3,3
470464,1,2
473095,1,2
473271,1,2
473444,3,3
474387,1,1
474408,1,1
475363,1,2
476253,3,3
476769,1,2
478412,0,1
480988,3,3
481593,0,1
481790,1,2
483315,1,2
483508,0,1
483674,2,2
484158,3,3
484252,1,2
484443,2,2
484490,1,1
484550,2,3
485439,3,2
485853,3,2
486516,2,2
488242,3,3
488854,3,3
490299,3,2
490648,2,3
491001,3,3
491387,0,1
492579,3,3
492592,0,2
492676,1,2
492979,1,2
493443,1,3
493460,1,1
493609,3,3
493763,3,2
494212,3,2
495239,2,2
495489,2,2
495522,3,2
495786,2,3
496373,3,3
496381,1,1
497074,1,1
497084,1,2
498841,1,2
499790,1,1
499819,1,1
500502,2,1
501414,3,3
502767,1,1
503159,3,3
503663,3,2
504066,3,3
504597,1,2
505595,3,2
505692,3,3
505871,2,2
505878,2,2
506020,1,2
506219,1,1
506679,3,3
507014,1,2
507149,0,1
507386,2,2
507783,1,1
508431,3,3
509466,2,2
509578,1,3
509935,1,2
510068,2,2
510471,1,2
511001,1,1
511295,2,3
511424,3,3
511807,1,2
511962,3,3
512411,0,1
512493,3,3
512722,1,2
513250,2,3
513751,1,1
514006,3,3
514581,3,3
515329,1,1
515349,0,0
516434,1,1
516588,2,2
517112,3,3
518389,1,1
519995,3,3
520024,1,2
520076,1,2
520972,1,2
521081,1,2
521164,2,2
522189,1,1
522381,1,2
522478,2,2
522784,3,3
523132,1,1
523831,3,2
523905,1,1
524043,0,1
526789,3,3
526844,3,3
527102,2,2
527742,2,2
528432,0,1
528702,2,2
530021,3,2
530772,1,1
530941,1,1
530960,3,3
531450,2,1
531753,1,1
531865,1,2
532779,1,2
532794,3,3
533209,1,1
534428,1,2
534588,3,3
534715,1,2
534884,3,3
535963,0,1
536767,2,2
537194,1,1
537221,3,3
537640,0,2
539635,0,1
539657,3,3
541123,3,3
541171,2,2
541315,2,2
541476,1,1
541995,3,3
542164,1,1
543439,1,1
544177,3,3
545964,1,1
546114,3,3
546250,1,2
547408,1,2
547788,1,1
549288,3,2
549775,0,2
549839,3,3
550081,1,1
550245,1,2
551000,2,3
551237,3,2
551242,1,1
551276,1,3
551922,1,2
552698,2,2
553196,3,3
554048,1,2
554243,2,2
554599,1,2
555749,1,1
556290,3,2
556644,0,1
556863,1,1
557085,3,3
559344,1,2
559685,2,3
559973,3,2
560089,1,2
560208,1,2
560597,0,1
560652,1,2
561206,1,2
561608,1,3
561618,1,1
561752,1,2
561773,3,3
561798,3,3
561979,1,2
562239,1,1
562769,3,3
563027,1,2
563302,1,3
563820,1,1
564115,0,1
564278,1,1
565182,1,1
565273,0,1
565575,1,1
565576,1,1
565599,0,1
568019,1,2
568232,1,2
568749,1,1
568775,3,2
569157,3,3
569256,3,3
569589,1,1
569981,1,1
570275,1,1
570484,1,1
570692,3,2
571334,2,1
571395,2,2
571641,0,2
571868,3,3
572032,1,2
572101,1,2
572106,2,3
572119,2,2
572306,1,2
572371,3,2
572395,1,1
572496,1,2
572538,1,2
573130,1,2
573131,2,2
573159,2,2
573252,3,2
573297,1,2
573534,1,2
573554,3,3
573713,1,2
573873,2,3
573934,1,1
574031,1,1
574063,1,2
574244,2,2
574253,0,1
574306,3,3
574512,1,2
574841,1,1
574849,1,3
574865,0,1
575404,2,2
575630,1,2
575892,3,3
576203,2,3
576262,3,2
576268,1,1
576445,3,3
576689,0,1
576913,2,2
576923,1,1
577354,3,2
577467,0,1
577618,1,2
577645,0,1
577728,2,2
577743,1,2
577934,3,3
577965,0,1
578132,1,1
578418,3,2
578439,1,2
578445,3,3
578551,1,2
578710,1,1
578861,1,1
579031,3,3
579161,1,2
579201,3,3
579251,2,2
579409,1,2
579486,2,3
581016,1,1
581118,1,1
581178,1,2
581235,1,2
581672,3,3
581866,1,1
581877,1,2
582040,1,3
582253,1,1
582348,2,2
582460,1,1
582694,3,2
582709,1,2
582816,2,3
582898,1,1
582933,3,2
582964,1,2
583179,3,3
583775,1,2
583843,0,2
583954,1,2
584274,3,3
584283,3,3
584509,1,1
584539,1,1
584595,3,3
584664,3,3
584733,0,2
584864,1,2
585074,2,2
585762,1,1
585963,3,2
586036,1,1
586134,1,2
586142,0,1
586180,1,2
586376,1,1
586398,3,3
586502,1,2
586516,0,2
586561,3,2
586652,1,2
586818,2,2
587037,3,3
587054,1,1
587434,3,2
587459,1,1
587860,1,2
588062,3,3
588166,3,2
588207,2,2
588251,2,2
588944,1,1
588991,2,2
589133,1,1
589554,1,1
589621,1,1
589935,3,2
589968,3,2
590086,1,1
590122,1,2
590416,2,2
590444,3,2
590593,3,3
590668,1,1
590764,3,2
590854,0,2
590867,3,2
591159,3,2
591986,3,2
591999,3,3
592090,3,3
592135,1,1
592139,0,1
592258,1,1
592262,3,3
592733,1,1
592815,3,3
593000,1,2
593346,1,2
593476,1,1
593583,3,2
593791,3,3
593819,3,3
594083,1,1
594282,0,1
594872,1,2
595018,3,3
595130,1,2
595137,2,2
595365,1,2
595421,1,2
595850,3,3
595892,1,2
596072,3,3
596128,2,2
596151,2,2
596496,3,3
596513,1,2
596728,1,2
596744,3,3
596988,1,1
597532,3,3
597539,2,3
597744,3,2
597853,3,2
598035,1,2
598201,1,2
598282,1,1
598313,1,2
598317,3,3
598395,3,2
598581,1,2
598769,2,2
598837,1,2
599108,2,2
599232,3,3
599323,2,3
599355,1,2
599644,3,2
600387,0,1
600398,1,2
600404,2,3
600415,1,1
600428,1,1
600463,1,2
600606,1,2
600658,2,2
600664,1,1
601247,1,1
601285,3,3
601316,3,2
601706,1,2
601803,2,3
601874,2,2
601882,3,3
601930,3,2
601983,3,1
602109,2,2
602448,2,2
602471,1,1
602570,2,2
602666,1,2
602696,0,1
602779,1,1
602865,1,1
602943,0,1
603055,1,2
603113,1,2
603121,2,2
603200,1,2
603203,3,3
603580,1,1
603731,1,2
603746,1,3
603921,1,2
604358,1,1
604725,0,1
604950,1,1
604990,1,1
605068,1,1
605089,1,2
605186,2,3
605243,1,1
605383,3,2
605770,1,2
605771,1,1
605901,3,3
606004,3,3
606027,1,1
606105,1,2
606134,1,1
606239,1,2
606391,1,1
606442,1,2
606517,1,2
606531,2,2
606535,1,1
606586,1,2
606861,1,1
606864,1,2
606914,3,2
607062,1,2
607176,3,2
607603,1,2
607923,0,1
608068,3,2
608134,1,2
608195,2,1
608319,3,3
608448,0,1
608851,1,1
609194,1,2
609203,2,1
609403,1,1
609927,1,1
610385,1,1
610405,1,2
610437,3,3
610470,1,1
610494,3,2
610545,1,1
611241,1,2
611268,0,2
611275,3,2
611329,1,1
611821,1,2
612135,0,1
612230,1,1
612247,1,1
612337,3,3
612473,3,2
612566,1,1
612750,1,2
613102,1,1
613135,2,2
613380,2,3
613909,1,1
614159,1,2
614405,3,3
615016,3,3
615165,3,2
615263,3,2
616660,1,1
617297,1,2
617521,1,2
617525,1,2
617530,1,2
617671,3,3
617804,3,3
617811,3,3
618197,1,2
618589,2,2
618734,3,1
618858,3,3
618960,2,3
618983,2,3
618994,1,1
619052,2,2
619935,1,1
620000,1,1
620115,2,2
620135,3,3
620550,2,3
620655,3,2
620698,1,1
621487,1,2
621826,1,2
621856,2,3
621899,3,2
621935,3,3
622007,2,1
622117,3,2
622313,1,2
622573,1,1
622722,3,3
623042,2,2
623097,1,1
623319,3,3
623376,1,1
623441,1,2
623519,1,1
623648,1,2
623689,1,2
624342,1,1
624709,2,2
624795,3,3
625666,1,3
625709,2,2
625826,0,2
626012,1,2
626075,1,2
626139,1,1
626159,1,1
626195,0,0
626210,2,2
626597,3,3
626646,0,1
626660,3,3
626740,1,2
626835,3,3
627119,3,3
627269,1,1
627563,1,1
627660,2,2
627968,2,2
628388,1,1
628435,3,3
628656,1,2
628679,1,1
628819,3,3
628991,1,1
629053,1,1
629127,1,0
629245,1,3
629553,1,2
630274,2,3
630286,2,2
630343,3,3
630404,1,2
630465,3,3
630597,1,2
630697,1,2
630716,2,2
630773,2,2
630834,1,1
631230,1,2
631248,1,1
631266,2,2
631416,1,2
631561,2,3
631640,1,2
631775,2,3
631954,1,1
632144,3,3
632255,3,2
632281,1,2
632431,3,3
632473,2,3
632605,2,3
632632,1,3
632722,3,2
632955,1,2
633016,3,3
633206,2,3
633902,1,2
633949,0,1
634247,2,2
634636,1,2
634772,1,2
635251,3,3
635328,2,2
635425,3,3
635452,1,1
635561,2,2
635716,3,3
635777,1,1
635890,2,2
635921,1,2
635924,1,2
636064,3,3
636302,1,1
636525,1,1
636660,3,3
636807,3,2
636953,2,3
637003,1,2
637063,1,2
637238,1,2
637279,1,2
637295,3,3
637348,2,2
637370,1,1
637382,1,3
637388,2,1
637414,0,1
637586,0,1
637715,1,2
637810,1,2
637815,0,1
637820,2,2
637867,2,2
637903,1,1
638036,3,2
638417,3,3
638516,0,1
638544,3,3
638554,3,3
638575,3,3
638756,1,2
638818,3,3
638997,1,1
639659,3,3
639663,1,2
639724,0,1
640225,1,1
640265,3,3
640289,3,2
640291,3,3
640330,3,3
640425,1,1
640455,2,1
640501,3,3
640701,1,2
640706,3,3
640712,3,3
640753,2,2
641045,3,3
641262,3,3
641329,2,2
641540,3,3
641616,1,1
641795,3,3
641840,1,1
641992,3,3
642067,1,2
642075,2,3
642083,1,1
642122,1,2
642201,1,2
642250,2,2
642292,3,3
642405,0,1
642413,1,2
642439,3,2
642550,1,1
642595,1,1
642600,1,2
642633,2,3
642698,1,1
642731,3,3
642802,3,3
642834,1,2
642836,3,3
642988,2,3
643172,1,1
643208,1,1
643321,0,1
643354,1,1
643587,1,1
643608,3,3
643953,2,2
643986,1,1
644069,1,2
644101,3,2
644164,1,2
644172,1,2
644362,1,1
644482,3,3
644484,1,1
644599,1,2
644793,0,1
644822,1,2
644863,2,2
644883,3,2
644975,3,3
644993,0,1
645042,2,2
645047,1,1
645052,3,3
645098,1,1
645183,3,2
645248,3,2
645256,0,1
645359,1,2
645370,1,2
645371,2,3
645420,2,2
645510,3,3
645639,2,2
645678,1,1
645753,2,2
645793,2,3
645950,1,1
645996,3,3
646004,3,2
646063,1,2
646075,2,3
646119,1,2
646133,3,3
646151,3,3
646178,2,2
646202,1,1
646260,2,3
646352,2,3
646415,2,2
646418,0,2
646445,3,3
646455,3,3
646482,1,1
646484,1,1
646515,3,3
646579,1,1
646580,3,3
646618,0,1
646636,3,3
646659,2,2
646691,2,2
646770,3,3
646776,1,2
646781,1,2
646798,1,2
646844,1,3
646852,3,2
646901,1,2
646906,3,3
647056,1,2
647126,3,3
647200,2,2
647220,3,3
647312,3,3
647346,0,1
647385,0,1
647393,1,1
647395,0,1
647502,1,2
647511,2,3
647553,1,1
647711,3,2
647740,3,3
647762,1,2
647764,1,2
647774,3,3
647803,1,2
647807,3,3
647864,3,3
647876,3,3
647883,1,1
647940,3,3
647964,3,3
647967,1,2
647982,1,2
647993,3,3
647999,3,3
648063,1,2
648082,2,3
648119,2,2
648120,3,2
648127,3,3
648131,2,2
648135,1,1
648182,1,1
648194,1,2
648201,3,2
648203,3,3
648238,3,3
648247,3,3
648262,1,2
648310,1,2
648311,2,2
648317,3,3
648335,2,2
648386,3,3
648391,2,2
648416,1,1
648449,0,1
648476,1,2
648487,1,2
648519,3,2
648537,1,1
648543,1,0
648549,1,1
648553,1,2
648556,3,3
648585,1,2
648589,3,3
648596,3,2
648640,3,3
648676,3,2
648693,0,1
648709,3,3
648713,1,1
648728,1,1
648751,1,1
648754,3,2
648760,1,2
648778,1,1
648807,1,1
648820,3,3
648845,1,2
648928,3,2
648951,2,3
648961,3,3
648985,1,2
649000,3,3
649018,1,2
649025,1,1
649026,3,2
649027,2,3
649110,1,1
649119,1,2
649189,0,1
649209,3,3
649221,1,1
649231,1,1
649247,3,3
649278,3,3
649291,1,1
649345,1,2
649351,3,3
649444,3,3
649518,1,1
649542,3,2
649543,2,2
649578,2,2
649621,2,3
649638,3,3
649654,0,1
649686,3,3
649692,2,2
649731,3,3
649742,1,1
649749,1,1
649795,1,1
649824,0,2
649886,3,3
649905,1,1
649962,1,1
649980,3,2
650050,2,3
650090,3,3
650114,1,2
650121,3,3
650161,0,1
650181,3,3
650247,1,1
650269,1,2
650354,3,2
650357,3,3
650371,1,2
650433,2,2
650451,3,2
650517,2,3
650531,1,2
650548,2,3
650565,2,2
650606,0,1
650676,3,3
650746,3,3
650797,1,2
650953,2,2
650958,1,1
650961,3,3
650964,3,3
650979,1,3
651004,3,2
651008,1,2
651027,1,2
651030,3,3
651065,1,1
651087,2,2
651089,3,3
651148,1,1
651177,1,1
651209,1,2
651257,1,1
651278,2,1
651324,1,2
651359,0,1
651394,2,2
651415,1,1
651429,1,1
651520,3,3
651544,1,2
651586,3,3
651605,1,2
651609,3,2
651610,3,3
651655,1,2
651659,1,2
651678,1,2
651775,1,2
651778,2,3
651798,3,3
651801,3,3
651814,3,3
651831,3,3
651863,1,1
651883,1,2
651925,1,1
651939,1,1
651974,3,3
651979,1,2
651980,0,1
651991,1,1
652006,3,3
652017,3,3
652044,1,2
652090,0,2
652105,2,2
652114,2,3
652130,3,3
652149,1,1
652156,1,2
652158,1,1
652226,1,1
652288,2,3
652315,3,3
652366,3,3
652390,1,2
652522,2,2
652533,3,3
652553,1,2
652556,2,2
652558,3,3
652572,1,1
652584,3,3
652585,3,2
652586,0,0
652605,1,2
652731,3,3
652744,3,3
652754,3,3
652803,3,2
652818,1,2
652851,1,2
652886,1,2
652906,3,3
652933,3,3
652969,1,2
653027,2,2
653034,3,2
653052,2,2
653059,2,2
653068,1,2
653086,0,1
653097,3,3
653188,2,2
653193,3,3
653239,1,2
653240,1,1
653244,3,3
653262,1,2
653295,3,2
653384,3,3
653385,3,3
653465,2,2
653541,3,3
653551,3,3
653577,0,2
653597,2,2
653633,3,3
653664,1,1
653702,1,2
653730,3,3
653752,2,3
653762,2,2
653826,3,3
653840,1,1
653870,1,2
653944,1,2
653951,2,1
653952,3,3
653958,1,2
654001,3,3
654005,1,2
654043,1,2
654071,3,3
654206,1,2
654214,3,2
654256,3,3
654259,3,3
654265,3,3
654333,3,3
654392,3,1
654404,1,2
654415,1,2
654422,3,3
654524,1,2
654545,2,2
654585,2,3
654639,3,3
654657,1,2
654678,3,2
654796,3,3
654856,1,1
654913,3,3
654923,3,2
654958,3,3
655084,1,1
655086,2,3
655152,3,3
655155,3,2
655224,3,3
655230,3,2
655296,1,2
655314,0,1
655342,1,2
655406,3,3
655414,3,3
655460,2,2
655471,2,2
655546,1,1
655547,1,2
655572,2,2
655605,2,2
655613,2,2
655662,2,2
655668,2,2
655828,1,1
655829,3,3
655878,3,3
655992,3,3
656067,1,2
656089,3,2
656112,3,3
656122,3,2
656129,3,3
656181,2,2
656187,1,2
656190,1,2
656194,1,2
656196,1,2
656197,1,1
656200,1,2
656204,3,2
656206,1,2
656208,1,2
656217,1,2
656222,2,3
656227,0,1
656228,3,3
656253,1,2
656276,2,3
656352,1,2
656373,0,1
656386,1,2
656412,3,3
656453,3,3
656455,2,3
656472,3,2
656475,2,2
656481,1,1
656494,1,2
656522,1,2
656540,1,1
656549,3,2
656557,1,1
656566,2,1
656576,3,3
656681,1,1
656698,2,2
656711,1,2
656755,2,2
656784,2,1
656873,1,2
656915,1,1
656990,1,1
657032,1,1
657099,2,2
657290,1,1
657293,0,1
674201,3,3
674214,1,1
674276,1,2
674280,3,3
674290,0,1
674319,3,3
674322,1,2
674323,3,3
674349,0,1
674495,1,1
674501,3,3
674502,3,3
674548,3,3
674576,1,1
674605,1,1
674616,2,2
674643,3,3
674746,3,3
674748,3,3
674758,3,2
674777,1,2
674784,1,2
674922,1,2
674960,1,2
675042,1,1
675047,3,3
675059,2,2
675085,1,1
675094,3,2
675096,3,2
675116,3,3
675159,1,1
675161,3,3
675165,3,2
675178,3,3
675223,1,2
675231,1,1
675246,3,3
675526,1,2
675576,1,2
675627,3,3
675671,3,3
675673,3,3
675728,2,2
675750,3,3
675807,1,1
675922,3,2
675929,2,2
676011,2,3
676093,3,3
676151,1,1
676169,1,2
676176,1,1
676258,3,3
676322,0,2
676350,2,3
676376,3,3
676401,0,1
676420,3,2
676428,1,1
676604,2,3
676633,1,1
676705,0,2
676750,0,1
676785,3,3
676898,1,1
676948,1,2
676962,1,1
676969,2,3
676973,3,3
677004,2,2
677039,3,3
677154,2,2
677190,3,3
677201,2,2
677203,1,1
677230,3,3
677338,3,3
677411,3,3
677462,1,1
677498,2,1
677630,2,3
677706,3,3
677744,3,3
677846,1,2
677864,3,3
677873,1,1
677877,3,3
677879,2,2
677892,1,1
677922,1,2
677950,3,3
677997,2,3
678016,3,3
678025,1,1
678038,1,2
678057,3,2
678080,2,2
678085,2,2
678105,1,1
678107,3,2
678109,3,3
678110,1,2
678114,3,3
678144,2,2
678212,3,3
678213,3,2
678244,1,1
678246,1,2
678278,3,2
678283,2,2
678314,2,1
678327,3,3
678328,3,3
678335,2,2
678367,3,2
678373,1,1
678398,3,3
678444,2,2
678550,3,3
678575,3,2
678578,3,2
678585,3,3
678623,2,2
678661,1,1
678680,1,3
678688,1,1
678702,3,3
678770,2,3
678777,3,2
678795,3,3
678801,3,2
678815,0,1
678906,1,1
678953,3,2
678955,2,2
678975,3,3
678995,1,1
679057,3,3
679059,1,1
679174,1,1
679218,1,2
679232,1,2
679439,2,2
679457,2,2
679504,3,3
679528,3,3
679559,1,2
679568,3,3
679675,3,3
679716,1,2
679724,3,2
679726,3,3
679747,3,3
679798,1,2
679828,0,1
679918,1,2
679919,3,3
679967,1,1
679971,2,2
679989,3,2
680009,1,2
680110,3,3
680146,1,1
680162,1,2
680174,2,2
680219,1,1
680290,1,3
680453,1,2
680471,2,1
680522,3,3
680530,1,2
680541,1,1
680545,1,2
680559,2,1
680560,3,3
680591,3,2
680723,0,1
680732,3,3
680787,1,2
680798,1,1
680816,3,3
680862,1,2
680878,3,2
680918,1,1
680926,0,1
680959,3,3
680970,0,1
680991,3,3
681016,3,3
681089,3,3
681150,1,1
681166,3,3
681222,0,1
681289,2,1
681384,2,3
681566,1,1
681581,1,2
681710,2,3
681716,0,1
681752,2,3
681798,1,2
681961,3,3
681964,3,3
681971,3,3
681984,1,2
682051,1,2
682056,2,3
682058,1,2
682107,1,2
682163,3,3
682223,0,1
682289,3,3
682316,1,1
682343,1,1
682364,3,2
682366,3,3
682375,3,2
682409,1,1
682480,1,2
682483,1,2
682538,3,2
682627,1,1
682728,3,3
682731,3,2
682887,2,2
682913,3,2
683002,0,1
683054,3,3
683120,1,1
683140,1,1
683145,1,2
683164,1,2
683172,3,3
683202,1,2
683275,1,2
683301,3,3
683315,3,3
683338,3,3
683420,1,1
683465,3,3
683536,3,3
683548,2,2
683592,1,2
683618,1,1
683630,1,2
683664,1,1
683705,1,1
683742,1,2
683768,3,3
683779,1,1
683783,1,1
683792,3,2
683802,3,3
683817,0,1
683838,2,2
683935,1,1
683947,3,3
683987,1,1
683993,3,3
684055,1,2
684072,1,1
684098,2,2
684184,0,1
684250,1,2
684273,1,1
684319,1,1
684329,1,2
684375,1,1
684420,2,2
684459,3,2
684467,2,3
684502,3,3
684525,3,3
684607,3,3
684615,0,1
684641,3,3
684681,2,2
684687,1,1
684704,1,1
684736,3,2
684833,0,1
684890,3,2
684931,1,1
684971,2,2
684982,3,3
685000,3,2
685009,1,2
685052,2,2
685079,2,1
685201,1,2
685228,1,2
685257,2,2
685267,1,2
685318,1,1
685391,1,1
685453,2,2
685506,3,3
685592,0,1
685599,3,3
685602,3,2
685653,2,2
685702,1,2
685740,3,3
685776,2,3
685779,1,2
685812,0,1
685829,1,2
685830,1,2
685841,2,3
685842,1,1
685861,3,3
685900,2,3
686074,1,1
686093,3,3
686128,1,1
686182,1,2
686191,3,2
686200,0,1
686201,3,2
686266,3,3
686286,2,3
686378,2,2
686402,2,2
686530,3,3
686596,2,2
686633,3,3
686667,1,0
686670,1,2
686688,3,3
686703,3,3
686725,1,1
686752,3,3
686762,1,2
686791,1,1
686822,1,1
686837,1,2
686938,1,2
686940,0,1
686953,2,2
686987,1,0
687004,2,2
687030,3,2
687037,1,1
687060,2,2
687105,3,3
687122,1,2
687154,3,3
687157,1,2
687173,1,1
687185,1,2
687217,3,3
687256,3,2
687301,1,2
687326,2,2
687369,3,3
687378,1,1
687379,1,1
687402,1,1
687404,2,2
687406,1,2
687421,1,1
687444,3,3
687533,0,2
687566,0,1
687575,0,1
687578,3,3
687683,1,1
687688,1,2
687769,1,2
687822,3,2
687977,3,3
687978,3,2
688000,3,3
688011,1,1
688106,3,2
688130,1,2
688135,1,1
688144,3,2
688167,1,1
688208,3,2
688263,2,3
688301,2,3
688376,1,1
688398,2,3
688513,1,1
688519,1,1
688522,3,3
688545,3,2
688599,2,2
688600,3,3
688638,1,2
688710,3,3
688927,3,3
688954,1,2
688997,3,3
689069,2,2
689089,2,2
689094,1,2
689095,1,1
689097,1,1
689107,2,2
689112,3,3
689113,1,2
689124,1,1
689129,1,2
689131,1,1
689132,1,1
689139,1,3
689141,1,2
689147,1,2
689148,0,1
689157,1,2
689173,3,3
689178,2,2
689180,3,3
689185,2,2
689187,1,2
689228,2,2
689230,1,2
689265,1,2
689267,1,2
689274,1,1
689287,0,1
689298,2,3
689329,2,2
689333,1,2
689350,3,3
689397,2,2
689406,1,2
689478,3,3
689487,2,2
689493,3,2
689563,1,1
689628,3,3
689662,1,1
689665,1,1
689727,1,1
689768,1,2
689775,2,2
689778,3,3
689808,3,3
689828,1,2
689896,3,2
689925,3,2
689936,1,2
689952,3,3
689975,1,2
690003,1,1
690089,1,1
690102,3,2
690116,1,1
690211,1,2
690235,3,3
690318,1,1
690319,1,2
690329,3,3
690359,0,2
690366,3,2
690384,1,2
690430,3,2
690469,1,1
690548,2,3
690554,3,2
690766,1,1
690767,2,2
690825,3,3
690902,1,1
690940,3,3
690967,1,1
691006,2,2
691026,1,1
691028,3,3
691094,1,1
691106,1,2
691122,1,1
691272,3,3
691286,3,3
691312,1,2
691343,3,2
691353,3,3
691367,3,3
691411,3,3
691413,0,2
691509,3,3
691514,1,2
691663,3,3
691683,1,1
691717,1,1
691815,3,3
691835,0,2
691851,1,1
691856,1,2
691867,3,3
691869,1,2
691907,1,1
691997,2,2
692164,1,2
692175,2,2
692181,1,2
692196,0,1
692207,1,2
692215,0,1
692355,1,1
692384,3,2
692392,3,3
692473,1,2
692474,2,2
692479,3,2
692482,2,2
692484,1,2
692496,2,3
692502,1,1
692515,2,2
692518,1,1
692521,2,2
692522,1,1
692525,2,2
692528,3,2
692532,3,3
692537,3,3
692540,3,3
692542,3,3
692544,1,2
692547,2,2
692553,2,3
692572,1,2
692609,0,1
692625,3,3
692629,3,2
692647,3,2
692805,1,1
692826,2,2
692827,1,2
692855,3,3
692871,3,3
692897,3,2
692907,1,2
692908,1,1
692914,3,3
692918,1,2
692920,1,2
692936,2,2
692943,1,2
692961,3,3
693091,1,1
693098,1,2
693116,3,3
693127,3,3
693213,0,1
693230,1,2
693269,3,3
693297,2,3
693333,3,3
693352,3,3
693380,1,3
693514,1,1
693615,3,3
693620,3,3
693635,2,2
693643,3,3
693682,1,1
693692,2,3
693709,3,3
693744,3,3
693752,1,2
693793,1,2
693871,2,2
693899,2,2
693934,3,3
693983,3,3
694001,3,3
694003,3,3
694078,1,1
694155,2,2
694190,1,2
694222,3,3
694329,3,3
694338,1,2
694339,3,2
694341,1,2
694342,1,2
694349,1,2
694380,3,3
694404,2,3
694448,3,2
694458,3,3
694473,1,2
694476,3,2
694490,1,2
694526,1,2
694554,3,3
694561,1,3
694576,2,1
694616,3,2
694682,3,3
694706,1,2
694792,1,1
694823,1,2
694857,2,2
694951,3,3
694974,3,3
694981,1,2
694983,1,2
695001,1,2
695014,1,1
695015,2,3
695021,1,2
695027,1,1
695031,1,2
695035,3,3
695044,1,1
695047,1,1
695049,1,2
695051,3,3
695054,0,1
695070,1,2
695075,1,1
695084,1,2
695125,3,3
695144,1,2
695148,1,2
695186,2,2
695205,0,1
695235,1,1
695247,0,1
695256,1,2
695259,1,2
695278,1,1
695298,3,2
695356,3,3
695405,2,2
695411,3,3
695434,2,2
695461,3,2
695475,0,1
695484,1,2
695510,1,1
695516,3,2
695528,3,2
695535,1,2
695613,1,2
695631,1,1
695654,1,3
695695,3,3
695941,3,3
695972,1,1
695981,3,3
695982,3,3
696007,1,1
696152,1,1
696203,1,2
696301,1,3
696316,3,2
696348,2,2
696440,1,2
696481,3,3
696527,3,3
696569,2,3
696595,3,2
696616,1,1
696634,3,3
696684,1,2
696692,3,2
696716,3,2
696724,1,2
696799,2,2
696803,3,2
696804,1,2
696844,1,2
696850,0,2
696890,3,2
697065,3,3
697119,3,3
697136,3,3
697148,3,3
697298,3,3
697319,3,3
697337,3,3
697345,2,3
697417,1,1
697428,2,2
697514,3,3
697525,2,2
697542,2,2
697561,2,2
697562,1,1
697574,1,2
697578,0,1
697649,1,1
697653,3,1
697754,0,1
697857,1,2
697868,3,3
697893,3,2
697909,3,2
697912,2,3
697959,1,2
697960,1,2
697964,0,2
698010,2,2
698025,3,3
698170,0,1
698180,1,3
698198,2,2
698199,1,2
698200,2,2
698201,1,1
698203,1,2
698204,1,3
698205,3,2
698206,1,2
698207,0,1
698208,2,2
698256,0,1
698345,1,2
698352,3,3
698357,3,2
698362,0,2
698369,0,1
698420,0,1
698432,3,2
698463,0,2
698471,0,1
698490,3,3
698494,1,1
698498,3,3
698507,0,1
698509,0,1
698586,3,3
699007,0,1
699153,1,2
699435,1,1
699436,0,1
699437,1,2
699488,0,1
699493,3,3
699498,1,2
699503,1,2
699651,0,1
699656,0,1
699875,3,3
700079,0,0
700086,1,2
700441,1,1
700458,2,3
700815,2,1
700820,0,2
1118432,0,2
1419671,2,2
1432518,2,2
1453140,3,2
1486048,3,3
1526770,0,1
1533277,1,2
1536122,0,1
1536591,2,2
1547646,0,1
1560989,2,2
1563696,1,1
1564706,1,2
1585768,2,2
1623795,0,1
1656979,0,1
1664280,1,0
1723749,1,1
1732956,1,1
1733023,0,1
1752834,1,1
1757561,2,2
1784816,1,1
1813493,2,2
1832218,1,2
1835389,1,1
1843123,1,2
1874935,0,2
1888723,3,3
1891028,2,2
1903095,1,2
1926542,1,2
1928536,3,2
1929491,3,3
1937822,0,1
1972832,0,2
1989014,1,2
1993672,2,2
2003628,3,3
2009239,1,1
2035574,1,1
2045569,3,2
2049740,2,2
2051809,3,3
2091096,1,1
2091193,1,1
2093092,3,3
2103305,3,3
2108914,3,3
2115250,0,2
2145101,3,3
2149487,1,1
2159336,3,3
2169127,3,3
2172163,1,1
2177423,3,2
2187308,1,3
2192113,3,2
2207474,1,1
2213814,3,2
2216682,1,1
2216778,1,2
2218789,3,3
2227568,0,2
2228010,1,1
2228601,0,1
2229783,1,1
2232976,3,2
2237567,3,1
2239766,3,3
2241250,2,2
2242067,1,1
2248243,1,2
2251500,2,2
2263129,2,3
2264569,3,2
2269561,2,2
2276854,3,2
2278390,2,1
2281286,1,2
2285017,3,3
2292824,3,3
2296716,2,3
2299745,2,2
2318161,1,2
2321660,1,2
2326401,3,2
2333415,1,1
2344216,3,3
2346145,1,1
2349805,2,3
2353764,1,2
2357372,3,3
2363168,1,1
2375759,0,1
2385665,1,2
2386867,3,2
2394741,2,2
2399380,3,2
2401304,1,1
2407594,1,1
2410544,1,1
2414945,2,2
2423078,2,2
2426442,3,2
2426864,1,2
2428341,1,2
2432551,2,2
2436711,1,1
2444705,1,2
2446694,2,2
2448699,2,3
2449399,1,1
2454351,3,3
2459279,2,3
2462576,1,2
2464901,3,2
2475591,1,1
2482994,2,2
2486159,1,2
2487430,1,2
2487573,1,2
2494258,1,2
2497189,3,2
2497624,1,1
2511519,0,1
2520290,1,1
2520649,1,1
2537934,2,2
2542310,2,2
2545047,1,1
2552708,1,2
2559992,2,2
2567715,2,2
2570396,1,1
2576637,0,1
2578532,1,1
2580626,0,1
2594368,1,2
2599784,1,1
2603061,3,3
2603534,3,3
2609768,3,3
2610170,3,3
2610745,1,2
2611512,2,2
2614271,3,3
2614777,1,1
2622652,1,2
2623656,1,2
2627398,3,2
2627493,3,3
2629503,3,3
2631298,3,2
2634319,0,1
2638403,1,1
2660510,1,2
2670300,1,2
2677541,0,2
2681505,1,2
2681940,1,2
2682693,2,2
2684107,3,3
2685247,0,1
2687739,3,3
2687858,1,1
2688495,0,1
2688945,1,1
2692969,1,1
2694919,1,2
2698577,2,2
2698588,0,1
2698591,3,3
28418,2,2
29764,0,1
29820,1,1
40333,3,2
40604,1,2
42638,1,1
45664,3,2
46605,0,0
49119,0,1
50263,3,3
51576,3,3
54391,3,2
57340,1,1
59541,3,2
62278,2,1
64296,2,2
66254,2,2
69489,3,3
69494,3,3
69703,1,2
70381,1,1
70771,3,2
74290,3,3
75454,1,1
75469,3,3
75728,2,2
79461,3,3
80329,3,3
82575,0,1
83219,1,1
83453,3,3
84299,3,2
86047,3,2
88758,3,3
94484,1,2
95906,1,0
96538,2,2
97486,3,3
100621,3,3
105523,1,1
107028,3,2
107339,1,1
108834,3,2
108947,3,3
116174,3,3
116518,1,1
117232,1,1
118098,2,2
119353,3,3
119729,3,3
122392,1,1
123598,3,2
124124,3,2
124193,0,1
126337,3,3
126394,1,1
126395,1,1
128510,3,3
129198,3,3
129638,3,2
129878,2,2
131145,0,1
131695,3,3
131933,3,2
132191,3,3
133104,0,1
134025,3,3
135330,2,2
135792,2,3
139190,3,3
142935,1,1
145282,0,0
146125,3,3
147675,3,2
151549,2,2
152428,1,2
152962,1,1
153687,3,3
153788,3,3
155067,2,2
155963,0,1
157310,3,3
160300,1,1
162650,2,2
165647,3,3
165733,3,2
166160,0,1
167791,1,2
168178,1,2
169380,1,1
170025,3,2
170864,0,0
171896,3,3
172301,3,3
172965,0,1
174807,3,3
175490,0,1
177967,1,1
178072,3,2
178496,0,1
178654,3,2
179904,2,3
180976,1,1
183331,3,2
187435,0,1
189428,1,1
189624,1,2
191000,3,3
191797,1,1
193163,2,3
194377,3,3
197486,3,3
198902,2,2
200372,3,2
201327,2,3
203707,3,3
204725,1,1
205398,2,2
205425,0,1
206245,1,1
206599,2,1
227192,1,1
227752,2,2
227833,3,3
228153,2,3
228743,2,3
229499,2,3
230340,3,3
230761,2,2
231339,0,1
232833,3,3
233444,3,2
234068,2,3
234311,2,3
234740,3,2
235175,3,3
236205,1,1
236620,1,1
237934,2,2
239707,3,2
241955,2,3
242778,3,3
242858,1,1
243351,3,3
244902,3,2
244977,1,1
245217,3,2
245494,3,3
246248,2,3
247819,1,1
248252,3,3
250092,2,3
251385,0,1
253859,0,1
255140,3,3
255310,1,1
256532,3,3
260062,3,3
260949,1,1
261042,2,3
261265,2,2
261615,1,1
262391,3,3
264159,1,1
264285,3,3
266040,3,3
266558,3,3
266915,3,2
267118,3,3
268018,3,2
268127,3,3
269676,1,1
272103,3,3
277577,3,3
277809,3,3
278861,3,0
279868,1,2
279883,3,2
281261,3,2
281801,0,1
282193,1,1
283798,1,2
284812,0,0
285170,1,1
285475,1,1
289009,1,2
289397,3,2
290382,3,2
291805,1,2
294578,3,3
295893,3,2
296411,1,1
298040,1,0
300059,1,1
300594,3,3
300611,3,2
301232,1,1
305783,3,3
305876,2,3
305974,3,3
306150,3,3
308391,3,2
308918,2,2
309118,1,1
309515,3,3
310088,3,2
311616,1,1
312886,2,3
314555,3,3
315322,3,3
315728,1,1
316061,2,3
316227,0,0
318574,3,3
319042,2,3
320153,3,2
321112,3,3
324257,2,2
325497,3,3
328261,2,2
329673,1,1
330862,2,2
330994,3,2
335553,3,3
335648,2,2
336398,0,1
336695,3,3
338604,1,1
338731,3,2
338854,3,3
339353,3,3
342089,2,3
342957,2,3
342974,1,1
344367,2,2
344396,2,2
345256,1,1
347257,3,3
347518,3,3
347764,2,2
348050,2,3
348159,1,1
349069,2,2
351328,3,2
351577,1,0
351775,1,2
353066,3,3
353660,3,2
353804,3,3
353979,3,3
354607,1,2
355143,2,3
356274,2,2
356523,3,2
357176,1,1
357214,3,3
357485,3,3
357851,3,3
357942,3,2
358075,3,2
359114,1,1
359460,3,3
360547,3,2
361410,1,3
362223,1,1
362661,3,2
363374,2,2
363773,1,1
363906,2,1
363939,2,2
364920,3,2
365993,2,3
366310,1,2
366424,3,3
366872,3,3
367807,3,3
368483,3,3
368876,2,1
369908,3,3
370336,2,2
371113,3,2
371526,1,2
371901,1,2
372812,3,3
374028,0,1
374055,3,3
374756,0,1
375688,3,3
376701,3,3
378920,1,1
379406,3,3
381240,2,2
381927,0,1
383015,3,3
383140,1,2
383158,1,1
383311,2,2
383347,0,1
383372,1,2
383971,2,3
385120,3,2
385387,0,0
385980,3,3
386121,3,3
386189,3,2
386671,3,3
387009,1,3
388538,1,1
388708,3,1
388750,3,3
389680,3,3
390233,3,3
391343,2,2
391419,2,2
392289,3,3
392526,1,1
394311,1,1
394341,2,2
394791,3,3
395164,3,3
396825,1,1
397149,3,3
397506,1,1
397797,3,3
398487,2,1
398877,3,3
399863,3,3
400063,3,2
401296,1,1
401903,1,1
403085,1,1
404239,2,2
405192,3,3
406265,3,3
406337,3,2
406846,2,2
406908,2,2
406937,3,3
407453,3,2
407818,2,3
408371,3,2
408413,2,2
409540,3,2
410203,1,1
410407,0,0
410699,1,1
410886,3,2
412258,0,0
412268,3,3
412284,2,1
413083,2,2
416500,3,3
416689,1,2
416860,3,2
417820,1,2
418224,2,1
418623,1,1
418971,3,3
419233,2,2
419536,3,3
420345,1,2
420428,3,3
420528,0,1
420935,0,0
421209,1,1
421712,3,3
423879,0,1
424082,1,1
424112,1,1
424950,1,1
425287,3,2
425714,3,3
426610,1,1
426616,2,1
429065,2,2
429185,0,0
429220,3,3
430686,1,1
431014,2,3
431386,1,1
432278,3,2
432718,3,3
434562,1,1
434573,2,3
435271,3,2
436058,1,2
437432,3,3
438313,3,3
438796,1,2
439669,3,2
440171,3,3
440297,3,3
440323,3,2
440591,3,3
440905,2,1
441540,3,2
441606,3,2
442530,3,3
442954,3,3
445777,0,1
445917,0,0
445972,0,0
446295,2,2
446628,3,2
447306,2,2
464236,3,3
464724,3,3
465194,3,3
465406,1,1
465517,3,3
465719,2,2
465764,3,3
465843,2,2
466289,1,1
466714,3,2
467230,1,1
467753,3,2
467894,2,3
468753,2,2
469113,3,2
469732,3,2
469761,0,3
470002,3,2
471018,3,3
471580,3,3
471657,1,1
471979,1,1
472087,1,3
472309,3,2
472856,3,3
473965,1,1
474283,2,2
474377,3,3
474759,2,2
475149,3,2
475443,3,3
475556,3,2
475945,1,1
476108,0,1
476868,3,2
476937,2,2
477067,1,0
478025,3,3
478212,2,2
478550,2,1
478977,3,2
479607,2,3
479714,3,3
479725,2,2
479753,3,2
480604,3,2
480928,3,2
480929,0,1
480943,1,1
481024,3,3
482280,1,1
482745,2,2
483108,3,2
483267,3,3
483275,1,2
483666,3,2
484174,3,3
484305,3,3
484464,1,1
484787,3,3
485312,0,3
485374,1,1
485594,3,3
485604,0,1
485944,2,2
486378,3,2
486737,3,2
487494,3,3
487570,3,3
487629,2,1
488431,1,2
489309,3,3
489929,1,1
490024,1,1
490081,1,1
490282,1,1
490297,3,3
490587,2,3
490662,2,2
490665,3,3
490768,3,2
490769,3,2
491170,3,2
491232,2,3
491742,2,2
491843,3,2
492357,3,2
492900,1,2
493793,3,3
493822,3,2
493988,3,3
494389,2,3
494919,1,1
495320,1,1
496108,3,2
497047,3,3
497080,3,2
498043,2,2
498138,2,2
498225,3,3
498741,2,2
500001,3,3
500006,2,2
500189,3,3
500597,2,2
501339,3,2
501443,2,2
501652,2,2
502465,1,1
502466,3,3
502554,0,1
502833,2,3
502868,1,1
502929,3,3
503469,2,2
503872,3,3
504057,3,3
505235,3,2
505520,3,2
505767,1,3
505815,3,2
505967,3,3
506206,0,1
506380,3,3
507034,1,1
507388,3,2
507523,1,1
507671,3,3
507801,3,3
508025,3,3
508848,3,3
509029,1,1
509102,1,1
509122,3,3
509183,0,1
509649,2,2
509839,1,1
510070,3,3
510694,3,2
510914,3,3
511473,1,1
511657,2,2
512353,2,2
512475,0,1
512582,3,2
513638,0,1
513854,3,3
513934,3,3
513969,3,3
513997,3,3
514000,2,2
514186,2,3
515046,1,1
515107,1,1
515278,2,2
515515,2,3
515774,1,1
515936,3,2
516024,1,1
516238,0,1
516496,1,1
516685,3,3
516726,0,1
517999,0,0
518116,2,2
518330,3,3
518363,1,1
518862,1,1
519544,1,3
519589,2,3
520332,3,3
520377,1,1
520588,2,1
521051,1,2
521297,1,1
521542,2,3
521601,3,3
521614,0,0
522312,1,1
522484,2,3
522682,3,3
523061,1,1
523079,1,1
523239,3,2
523271,3,2
523335,3,2
523710,2,2
524128,0,1
524295,1,1
524378,1,1
524386,2,2
525332,2,2
525832,1,1
526073,3,2
526235,3,2
526547,3,2
526564,3,2
526876,2,2
526927,1,1
527771,2,3
527826,0,0
527964,1,1
528021,3,2
528023,2,2
528066,1,1
528083,3,2
528892,1,1
529025,1,1
529073,3,2
529078,2,2
529153,3,2
529434,1,1
530113,3,3
530270,3,3
530481,3,2
530650,1,1
530936,3,2
531047,3,2
531075,3,3
532020,1,1
532252,3,2
532350,1,1
532440,3,3
532531,2,2
532565,3,3
532718,1,2
532859,2,3
533004,2,2
533311,3,2
534047,3,2
534074,3,3
535047,1,2
535590,3,3
535682,2,2
536032,2,2
536170,0,0
536261,1,2
536435,2,3
536536,3,2
537322,1,1
537603,2,3
537606,2,3
537622,3,2
537654,3,1
537658,2,2
538887,3,2
539328,3,2
539514,2,1
539695,3,3
539784,1,1
539971,1,2
540509,3,3
540686,1,1
540937,3,3
541003,2,2
541184,3,2
542050,3,3
542721,2,3
543170,1,1
543417,3,2
543475,2,3
543571,3,3
543628,3,3
543678,1,2
543924,2,2
543948,1,2
544075,3,3
544090,2,2
544467,3,2
544490,1,1
544594,0,1
544791,3,2
544839,0,1
545045,2,3
545740,1,1
545747,1,1
546400,3,2
546675,3,3
546830,3,3
546954,3,3
547287,0,0
547332,3,3
547413,2,3
547571,3,2
547685,3,3
547816,3,3
547986,3,2
548261,2,3
548383,3,2
548386,0,0
548509,0,0
548602,1,1
548677,1,1
548764,2,2
548854,1,1
548926,3,3
549636,3,1
549928,2,3
549951,1,1
550092,2,2
550545,3,2
550812,3,2
550893,3,3
551115,1,1
551267,1,3
551304,1,1
551478,1,3
551528,3,3
551604,2,2
551856,2,3
551902,2,2
552166,3,3
552234,3,3
552441,0,1
552498,3,2
552590,3,3
552913,1,2
553021,0,0
553280,0,0
553394,1,1
553410,3,3
553568,3,3
553655,1,1
553741,3,2
554141,1,2
554205,2,1
554470,3,3
554583,1,2
554588,3,3
554870,1,1
554951,1,1
555008,1,1
555368,3,2
555604,1,2
555706,0,1
555953,3,2
556007,3,3
556042,3,2
556109,3,3
556246,0,1
556295,0,1
556521,3,2
556584,1,1
556587,2,3
556709,3,2
556858,1,1
556918,3,2
557172,2,2
557700,3,3
557849,3,3
557995,3,2
558122,2,2
558444,2,3
558471,3,2
558518,1,1
558616,1,2
558806,3,2
558914,2,2
559157,3,2
559469,3,2
559706,1,3
559770,1,2
559912,3,3
559977,2,3
560114,1,1
560311,0,1
560494,1,1
560784,3,2
560951,2,2
561363,1,1
561559,1,1
561774,1,1
561823,3,3
562450,1,1
562585,3,2
562825,1,2
563046,1,1
563556,3,3
563631,2,3
563819,1,1
563967,3,3
564325,3,3
564444,3,3
564700,3,3
564841,3,3
565275,3,3
565399,0,0
565838,2,3
565883,3,2
566185,2,1
566310,1,1
566428,0,1
566664,3,3
566670,1,1
566704,3,2
566715,1,2
566871,2,2
566872,3,2
568047,2,2
568084,0,1
569080,0,0
569108,0,0
569342,2,1
569609,1,3
569712,3,2
569928,3,3
570113,3,2
570377,3,3
570410,1,2
570488,3,3
570514,3,3
570872,1,1
570967,1,1
571025,3,2
571128,3,3
571129,0,0
571233,3,3
571276,3,3
571365,3,3
571389,3,2
571571,0,1
571595,2,3
571702,3,3
571776,1,0
571992,3,2
572036,1,1
572154,3,3
572241,3,3
572279,3,3
572303,1,1
572382,2,3
572401,2,2
572438,1,0
572570,1,1
572854,0,3
572891,1,1
572909,3,3
573153,3,2
573166,3,3
573197,3,2
573377,1,2
573440,1,1
573462,3,2
573558,1,2
573662,3,3
573665,3,3
573696,2,3
573697,3,3
573701,2,3
574221,0,1
574283,2,3
574523,3,3
574529,2,3
574551,2,2
574564,3,3
574580,2,3
574663,3,3
574817,0,1
574830,3,2
575166,3,3
575287,3,3
575419,3,2
575545,3,3
575703,3,3
575733,1,2
575745,1,1
575824,1,1
575967,0,1
576191,2,2
576383,0,0
576413,0,0
576475,1,1
576516,2,2
576780,0,0
576782,2,2
577035,0,0
577236,0,1
577245,2,2
577273,2,2
577352,2,3
577414,1,2
577427,3,3
577502,1,1
577603,3,3
577686,2,2
577688,3,3
578034,3,2
578189,1,1
578450,2,2
578541,3,3
578655,1,1
578823,3,3
578850,1,1
578958,1,2
579027,2,3
579321,3,3
579340,3,2
579343,1,1
579372,3,3
579550,1,2
580477,3,3
580511,3,2
580525,0,1
580689,3,3
580722,3,2
580768,3,3
580779,1,1
581123,3,2
581328,3,3
581611,1,1
581614,1,2
581744,3,3
581745,3,3
582087,2,1
582108,2,1
582723,3,3
582827,3,2
582879,1,1
582950,0,1
583032,1,1
583051,3,3
583052,1,0
583192,1,1
583238,3,3
583906,0,0
584077,3,3
584191,1,2
584305,3,3
584446,1,2
584468,3,3
584586,3,3
584749,3,3
584756,2,3
584771,3,3
584913,3,3
584940,1,1
585011,3,2
585057,1,2
585093,0,0
585383,1,1
585393,0,0
585397,1,1
585433,3,3
585455,1,1
585464,3,2
585681,3,2
585695,0,1
585709,1,1
585769,3,3
585900,2,3
586060,2,3
586132,3,3
586436,2,3
586473,2,2
586476,3,3
586526,3,3
586716,3,2
586921,3,2
586962,3,3
587122,3,2
587179,3,3
587585,2,3
587621,3,3
587783,1,1
587884,3,3
587906,1,1
587911,1,1
588059,3,3
588125,3,3
588175,3,3
588219,2,3
588274,0,0
588402,2,1
588430,1,2
588460,3,3
588464,3,2
588473,0,1
588524,1,2
588590,2,2
588676,1,2
588694,3,3
588707,0,1
588710,3,3
588846,2,2
588956,1,2
589018,3,3
589023,3,3
589108,3,3
589327,3,2
589390,1,1
589517,3,3
589525,0,0
589722,3,3
589894,3,3
590072,2,3
590626,3,2
590699,3,3
590744,3,3
590762,2,2
590877,2,2
590881,3,3
590914,2,2
590961,3,3
590974,3,2
591375,0,0
591388,0,1
591566,3,3
591619,3,3
591655,3,2
591719,3,3
591738,3,2
591958,0,1
592007,2,3
592051,3,3
592093,3,2
592151,1,1
592158,3,3
592259,3,3
592284,3,3
592407,3,3
592429,2,3
592437,3,3
592609,3,2
592684,3,2
592775,1,1
592776,1,1
592842,2,3
592876,3,3
592939,3,2
592961,0,0
592976,0,0
593071,3,3
593103,1,1
593123,2,2
593305,1,1
593787,2,2
593823,0,0
593972,1,1
593995,0,1
594044,1,1
594052,3,3
594111,3,2
594157,1,2
594193,2,3
594199,3,3
594246,2,3
594326,3,3
594371,1,1
594419,3,3
594851,2,3
595164,1,1
595182,1,1
595189,0,1
595324,2,3
595356,3,2
595492,2,2
595514,3,1
595659,1,2
595685,3,3
595781,2,1
595797,1,1
595847,1,1
595986,1,1
595992,3,3
596029,3,3
596035,3,2
596157,1,1
596321,3,3
596432,3,3
596699,3,3
596731,1,2
596903,1,2
596947,2,2
597181,2,3
597363,3,3
597403,1,2
597560,3,3
597817,2,3
597926,0,0
598074,3,2
598113,1,2
598321,1,1
598662,1,1
598666,3,3
598757,3,3
598860,0,1
598924,2,3
599263,2,2
599275,2,1
599341,3,3
599542,2,2
599547,3,3
599615,2,3
599857,1,1
599893,2,3
599902,3,3
599937,3,2
599942,3,3
599958,1,1
599986,3,3
600073,1,1
600094,3,2
600142,2,3
600181,3,3
600335,1,1
600436,3,3
600509,3,2
600547,3,3
600632,0,0
600814,3,3
600859,3,3
600879,3,3
600938,3,3
600945,1,1
600975,3,3
600987,1,2
601021,3,3
601175,3,3
601224,1,1
601550,1,1
601731,2,3
601757,3,2
601872,1,3
601949,1,2
602030,3,3
602042,0,0
602107,2,2
602133,1,1
602150,3,3
602269,2,2
602398,2,2
602585,3,3
602703,3,2
602718,2,2
602891,3,3
602902,1,1
602913,1,2
603053,2,3
603222,2,3
603239,2,2
603477,1,1
603498,2,3
603639,3,3
603791,2,2
603832,3,3
603859,1,1
603999,3,3
604078,3,3
604164,3,2
604480,3,3
604517,1,2
604559,3,3
604571,1,2
604643,3,3
604655,2,2
604665,3,3
604723,1,2
604906,3,2
604997,1,3
605130,3,3
605144,1,1
605180,3,2
605266,1,1
605571,1,0
605688,0,1
605703,0,1
605926,3,3
606025,3,3
606127,3,3
606205,3,3
606206,2,1
606282,1,1
606300,3,3
606350,2,2
606417,3,3
606444,0,1
606663,3,3
606665,2,3
606724,1,1
606828,2,2
606930,3,3
607052,1,1
607060,3,3
607061,0,1
607063,3,3
607411,3,3
607413,3,3
607442,3,3
607453,3,3
607609,3,3
607636,1,3
607703,3,2
607835,0,1
607896,3,3
607927,2,3
607966,3,3
608130,3,3
608152,2,1
608243,1,1
608464,1,1
608472,2,2
608504,3,2
608549,3,3
608577,3,2
608643,3,3
608735,1,2
608750,3,3
608753,2,2
608904,0,0
608923,3,3
609025,3,3
609045,1,1
609192,3,3
609229,0,0
609241,3,3
609383,3,2
609450,3,2
609489,3,3
609515,1,1
609602,0,0
609605,3,3
609645,2,3
609828,3,3
610099,1,1
610158,3,3
610234,3,3
610287,3,2
610391,2,2
610575,1,1
610577,2,2
610718,2,3
610831,3,3
611062,2,3
611176,0,2
611260,1,1
611402,1,2
611750,3,3
611865,3,3
612023,2,2
612119,1,2
612124,3,3
612287,3,2
612381,3,3
612397,3,2
612644,1,1
612673,2,2
612805,3,3
612814,0,0
612822,3,3
612860,3,3
612882,2,2
613116,2,3
613120,3,3
613133,0,1
613280,3,3
613310,2,2
613387,2,3
613390,3,2
613417,2,2
613441,3,3
613447,3,3
613461,2,1
613501,1,2
613873,3,3
614059,1,1
614263,2,2
614265,3,3
614345,3,2
614477,2,2
614733,3,2
614804,3,2
614844,0,0
614952,3,2
615031,1,1
615229,1,2
615246,2,2
615249,1,2
615321,3,3
615407,2,2
615437,1,1
616333,2,3
616334,2,2
616407,3,3
616439,3,3
616831,1,2
617186,2,3
617307,3,3
617331,2,2
617348,1,1
617355,1,1
617365,1,2
617416,1,1
617781,1,2
617898,3,3
617925,3,3
617942,3,2
618002,2,2
618078,3,3
618096,0,1
618129,1,1
618171,3,3
618279,3,2
618514,3,3
618571,1,2
618590,3,3
618606,3,3
618619,3,3
618649,3,3
618665,2,2
618679,3,2
618744,3,3
618824,1,1
618861,3,3
619006,3,3
619014,1,2
619303,1,1
619447,0,0
619524,3,3
619870,0,0
620148,2,2
620215,3,3
620243,3,3
620266,2,2
620320,3,3
620356,3,3
620368,0,0
620369,3,2
620376,3,3
620440,2,3
620485,3,2
620646,2,2
620713,3,3
620876,2,2
620897,3,2
620918,3,2
620935,3,3
620974,3,2
620977,3,3
621300,3,3
621401,2,3
621619,3,3
621655,3,2
621656,1,1
621696,3,3
621807,3,3
622015,3,3
622130,3,3
622215,2,3
622302,0,1
622368,1,1
622386,2,1
622398,3,3
622430,3,3
622652,0,0
622753,2,2
622773,1,1
622787,2,0
622804,3,2
622897,3,3
622948,3,2
623052,1,0
623190,3,3
623250,1,1
623290,1,2
623347,0,1
623421,1,2
623456,2,3
623511,3,3
623562,1,1
623605,2,2
623609,2,2
623619,3,3
623667,1,1
623707,3,2
623732,1,0
623738,3,3
623780,2,2
623786,3,3
623797,1,1
624039,2,3
624060,3,0
624126,3,2
624127,1,2
624134,2,2
624164,1,1
624354,3,3
624441,1,2
624445,0,1
624483,0,1
624591,2,2
624593,3,3
624765,3,3
624782,2,2
624810,1,1
624875,0,0
624970,1,1
625014,0,0
625028,0,1
625077,1,1
625078,3,3
625108,0,1
625121,3,3
625128,2,3
625207,3,3
625213,3,3
625267,3,3
625330,0,1
625423,3,2
625453,1,1
625476,3,3
625517,3,2
625527,3,3
625552,1,1
625568,3,3
625574,0,0
625614,3,3
625684,2,2
625714,2,2
625740,2,2
625745,1,1
625774,3,2
625782,1,1
625785,3,3
625790,3,2
625793,3,3
625822,0,0
625838,1,0
625841,2,2
625884,3,3
625950,3,3
625953,3,3
625975,2,2
626055,2,3
626173,3,3
626183,2,1
626252,0,0
626296,3,3
626349,3,3
626417,3,2
626438,3,2
626444,3,3
626469,3,3
626501,1,0
626516,2,2
626518,3,3
626614,2,1
626625,3,3
626712,3,2
626714,2,2
626763,1,1
626772,3,3
626857,2,1
626862,0,1
626877,2,2
626906,2,2
626930,3,2
626998,1,1
627066,2,2
627136,0,1
627160,3,3
627168,3,2
627176,3,3
627253,0,1
627307,3,3
627343,1,1
627348,1,1
627374,1,2
627386,2,2
627387,1,2
627395,3,3
627399,1,1
627435,3,2
627500,3,2
627516,3,3
627520,3,2
627632,3,2
627635,2,3
627636,3,2
627691,1,1
627711,3,2
627747,1,1
627750,1,2
627784,3,2
627907,3,2
627933,2,1
627947,3,3
628022,3,3
628029,3,1
628053,2,3
628086,1,1
628090,2,2
628122,2,2
628141,3,3
628157,0,1
628214,3,2
628293,1,1
628366,3,2
628383,1,1
628506,1,1
628527,3,2
628565,3,3
628575,1,3
628663,1,1
628677,3,3
628718,3,3
628725,3,3
628771,3,2
628803,3,3
628846,3,3
628938,3,3
628993,3,3
629081,2,2
629164,0,1
629209,3,3
629270,2,3
629342,3,2
629445,3,3
629500,3,3
629560,3,3
629601,3,3
629613,2,3
629623,3,2
629628,3,2
629632,3,3
629654,2,2
629692,3,3
629694,2,2
629696,3,0
629710,0,0
629766,1,1
629773,3,2
629798,3,2
629862,1,2
629887,3,2
629890,2,2
629893,3,3
629906,3,3
629936,2,2
630005,3,2
630012,0,1
630047,1,1
630086,1,1
630152,2,2
630157,1,1
630178,1,2
630200,3,3
630211,1,1
630449,2,1
630471,2,2
630514,3,3
630531,3,3
630540,3,3
630573,3,2
630585,2,2
630606,1,2
630613,1,1
630635,2,2
630657,3,2
630730,2,1
630825,2,2
630888,3,2
630896,0,0
630912,2,2
631038,3,3
631044,1,0
631051,3,3
631075,3,3
631122,2,1
631216,2,2
631300,3,3
631334,1,1
631365,3,3
631453,2,2
631455,0,1
631473,0,3
631583,1,3
631655,2,1
631657,3,3
631699,0,1
631715,1,0
631770,2,3
631772,1,0
631850,0,0
631925,3,2
631929,3,3
631981,1,1
632017,1,1
632037,2,3
632074,1,1
632107,3,2
632111,1,1
632114,3,3
632133,3,3
632134,3,3
632135,3,2
632190,3,3
632242,3,2
632260,3,3
632312,2,3
632313,0,0
632332,3,3
632459,1,2
632486,3,3
632487,3,3
632506,2,3
632546,2,2
632554,0,1
632571,1,1
632597,1,2
632637,3,3
632641,3,2
632691,3,3
632780,3,3
632836,0,1
632856,3,3
632889,3,3
632900,1,1
632903,3,2
633071,3,2
633112,0,0
633178,1,1
633240,3,2
633243,3,3
633250,1,1
633256,3,2
633270,1,1
633281,0,1
633310,2,2
633330,2,3
633341,2,3
633384,3,3
633395,2,2
633432,3,3
633447,2,2
633455,3,3
633460,2,2
633493,0,0
633527,3,2
633637,2,2
633679,3,2
633695,0,0
633716,3,3
633722,0,0
633857,0,1
633859,3,3
633913,3,2
633942,0,1
633998,1,3
634040,2,2
634057,3,3
634083,3,3
634128,1,1
634139,3,3
634157,1,1
634167,0,1
634176,3,2
634216,1,1
634217,0,3
634241,1,1
634279,2,2
634349,2,2
634414,2,2
634433,2,3
634500,1,1
634507,1,1
634512,0,1
634523,3,2
634570,1,1
634578,3,3
634589,1,1
634618,0,1
634649,2,2
634655,3,3
634671,1,1
634737,3,3
634744,2,2
634816,1,1
634853,3,2
634862,1,1
634878,1,2
635034,3,2
635041,3,3
635043,1,3
635109,1,1
635416,1,1
635515,2,3
835603,3,3
856294,3,3
917586,0,1
925553,0,1
949548,1,1
984619,1,1
992544,1,1
1038161,1,2
1047645,3,3
1057883,1,1
1073766,1,1
1087710,3,3
1095916,1,1
1100639,3,1
1106724,3,2
1115623,1,1
1187586,0,1
1268772,2,3
1270832,0,1
1307784,3,2
1311171,0,1
1398821,3,3
1407549,3,3
1416784,0,1
1440467,0,0
1442991,1,2
1462676,3,2
1464952,3,3
1468838,3,2
1470291,1,1
1474869,1,3
1493739,1,1
1514245,3,3
1534494,1,1
1541906,3,3
1551895,3,2
1560205,3,3
1561431,2,3
1568828,0,1
1591013,3,3
1600062,3,3
1619251,3,3
1632487,1,1
1638548,3,3
1644328,3,2
1649896,3,3
1656486,3,3
1664810,3,3
1668504,3,2
1671811,1,3
1672690,2,2
1673876,3,3
1678014,3,2
1678800,1,1
1691815,2,2
1694780,2,2
1715237,0,1
1739026,2,3
1750405,2,2
1753458,0,1
1763378,2,2
1769985,3,2
1774071,3,3
1780737,3,3
1781834,1,1
1828112,3,2
1841267,3,3
1848820,3,3
1855583,1,1
1876636,0,1
1877015,3,3
1877732,3,3
1888343,1,1
1891323,1,1
1894419,3,3
1896088,3,2
1906919,1,1
1908526,2,3
1911513,1,1
1922200,2,2
1924641,2,2
1930146,1,3
1930644,3,2
1937511,3,3
1938024,3,3
1942999,3,3
1945240,3,2
1947911,3,2
1951080,3,2
1951139,1,1
1969407,2,1
1997164,1,1
2008262,3,2
2016517,1,1
2030117,3,3
2032058,3,2
2044299,3,2
2047421,1,2
2049668,1,1
2056643,0,1
2063578,0,0
2064873,0,1
2066504,3,3
2080916,3,3
2087182,2,2
2088765,1,1
2096918,3,3
2109119,1,1
2110039,3,3
2113778,3,3
2131908,0,1
2134237,2,2
2134304,2,3
2139037,0,1
2139273,3,3
2142662,3,2
2146277,1,1
2147620,1,1
2147713,1,2
2148297,3,3
2156058,0,1
2171264,2,2
2171834,1,1
2178929,0,0
2187422,1,1
2188680,3,2
2198356,3,3
2202076,3,3
2211797,1,1
2213982,3,3
2229583,3,3
2236538,2,3
2238904,2,2
2239848,1,1
2241036,2,2
2247222,1,1
2252437,3,2
2258228,2,2
2289032,2,2
2298895,1,1
2327710,3,3
2329539,3,2
2341839,3,2
2343809,3,3
2347802,0,1
2355744,3,2
2358707,3,3
2365009,3,3
2367058,3,3
2374376,3,2
2375259,3,2
2383036,3,3
2384615,3,3
2384687,3,3
2389754,3,2
2391004,1,1
2394090,3,3
2408651,3,2
2410459,2,2
2410519,0,0
2418732,0,1
2419115,0,0
2421961,3,2
2433069,0,1
2433221,1,1
2436400,3,3
2446778,3,3
2447528,2,2
2451726,3,2
2454878,2,3
2464727,3,3
2471283,1,1
2473058,3,3
2478799,3,2
2486769,2,2
2488382,1,1
2488713,3,3
2493107,3,3
2494507,1,1
2498388,1,1
2503063,1,1
2513997,2,1
2517778,3,2
2522932,3,3
2524572,3,3
2526493,0,1
2529663,1,1
2530985,3,3
2545113,1,1
2548877,1,1
2555596,3,2
2556060,0,0
2558365,3,2
2564333,3,3
2564711,0,1
2567038,1,1
2569090,3,2
2569834,3,3
2569912,3,2
2576298,3,3
2577091,3,2
2581603,1,1
2588201,1,1
2591014,3,3
2598913,2,3
2602235,3,3
2602264,0,1
2603195,1,1
2604856,3,3
2605030,3,3
2607849,0,1
2609908,1,1
2613331,1,1
2615849,3,3
2616950,1,1
2617635,2,2
2620636,2,2
2621379,3,3
2621734,3,3
2623263,0,1
2629436,2,3
2631547,3,3
2631703,0,1
2634238,2,3
2639310,1,1
2641486,1,2
2644404,1,1
2646795,3,3
2652523,2,2
2658268,2,2
2659556,2,2
2661696,3,2
2665399,0,1
2668550,2,2
2677969,2,3
2680742,1,1
2681198,3,3
2682834,3,2
2686074,3,3
2686578,0,0
2691267,3,3
2691780,3,3
2692327,0,1
2697181,1,1
2698535,3,3
23698,1,1
25261,3,3
27116,0,1
28787,1,2
28952,3,2
29411,3,3
29420,1,1
29639,1,1
30096,0,1
30850,0,0
31161,0,0
34068,3,2
35355,3,2
35508,1,1
37652,0,0
42746,0,0
46705,2,1
48635,3,3
51576,3,2
53300,0,1
54062,3,2
60809,1,1
61227,1,1
61236,3,3
63371,1,1
67685,3,3
69494,3,2
70214,3,2
70495,1,1
71723,2,2
72609,2,2
73664,3,3
74290,3,2
76949,1,1
79461,2,3
80243,3,3
80329,1,1
80491,3,2
80868,1,1
88758,3,3
91040,3,3
94978,3,3
96864,3,2
96874,2,3
100788,0,1
101700,3,3
102209,3,3
104480,2,1
105168,2,3
105413,1,1
107883,3,3
109577,2,2
112454,1,1
114367,1,1
119310,3,2
120236,2,3
123598,1,1
124711,3,2
125777,3,2
126812,3,3
128072,3,2
128510,1,2
129198,3,3
130671,3,3
131222,1,1
131663,2,2
131933,1,2
132423,3,2
133419,3,2
134190,3,3
134982,3,2
136335,3,2
137281,2,3
138861,0,0
138997,2,2
142092,0,0
144745,1,1
145114,2,2
145490,2,2
145640,0,0
152626,3,3
153788,3,3
155298,1,1
155956,2,1
157310,3,3
160536,1,1
161781,3,3
163067,3,3
164968,2,1
165647,2,2
165733,3,2
169297,3,2
170030,1,1
171896,3,3
175638,2,2
178072,1,1
181861,1,1
182854,1,1
185057,3,3
185127,1,2
185451,3,2
188251,2,2
188273,1,2
188662,1,1
190780,3,2
196189,1,1
199261,3,2
199361,2,1
199760,2,2
200372,3,2
201425,1,1
205218,3,2
232072,2,3
233444,3,2
234957,3,2
235121,3,3
238255,3,2
240486,2,1
242636,2,3
242778,2,1
243358,1,1
244738,0,1
245217,2,1
245600,1,0
246829,3,2
247304,2,3
248818,3,2
253013,1,1
253496,3,2
256532,2,2
256680,3,3
256867,1,1
257887,1,1
258042,3,2
259641,1,0
260062,3,2
261160,3,3
262385,1,1
263150,3,2
264151,2,2
264715,1,1
264723,3,3
264845,2,3
266097,3,2
266558,2,2
267619,2,1
268018,2,2
269388,2,2
271526,3,2
275297,0,0
275711,2,2
275882,2,3
278413,3,2
278600,3,2
279879,3,2
279883,3,3
283618,3,3
284095,0,1
284741,3,3
285412,3,3
285637,3,2
286658,0,1
287897,3,3
289397,2,3
290043,2,2
291156,3,2
291674,1,1
293162,1,1
293321,3,3
293686,1,1
294112,2,3
296222,3,3
296725,2,3
297166,2,2
298777,3,3
300611,1,1
301681,3,3
303218,1,1
305036,3,3
306202,1,2
307297,3,2
307789,3,3
308953,2,2
310280,2,2
310765,1,1
311332,2,2
311862,1,1
312061,2,2
314555,3,3
314956,1,2
316091,1,2
316454,3,3
317801,2,1
319035,3,3
319492,3,3
320153,3,2
322499,3,2
322641,1,1
322844,3,2
322907,2,2
324338,3,2
324440,3,3
325497,3,3
325518,3,3
327057,1,1
328123,2,2
328674,2,3
329455,3,3
330453,1,1
330952,3,2
330966,3,2
331622,3,3
332436,1,1
334154,2,2
334225,1,1
335401,3,2
335405,0,0
335914,3,2
336014,3,2
336131,0,0
336695,1,1
336772,1,1
338731,2,3
338983,3,2
339235,0,0
339824,3,2
340010,1,2
341361,3,3
342799,1,2
344740,3,3
347809,0,1
348351,2,2
348783,0,0
348855,1,1
349093,0,0
350267,3,1
350929,3,3
351903,3,2
352637,0,0
353660,3,3
353804,3,2
354688,1,2
355935,1,1
356297,2,1
356523,2,2
357820,3,3
358075,1,2
358578,3,3
359657,3,3
359958,1,0
360483,3,2
362140,1,1
362548,2,2
364066,3,3
364103,1,1
365661,1,1
365701,0,1
366164,3,2
366367,1,1
366873,2,1
367352,2,2
367510,3,3
367815,3,3
368436,1,1
369208,2,2
369242,3,2
369610,1,1
370512,1,1
370839,3,2
371429,3,3
371439,2,2
372234,1,1
372577,3,2
378576,3,2
379042,1,1
379185,2,2
379255,2,2
379265,2,2
379406,1,1
382378,3,2
382857,3,3
384106,3,2
385033,1,1
385980,3,2
387944,2,2
387963,0,1
389250,2,3
389267,3,3
391059,2,2
391466,2,1
392890,2,3
393094,3,3
393142,0,0
393526,3,3
394218,3,3
394791,1,1
395757,1,1
396631,3,2
398496,1,1
400266,3,3
400958,2,1
401011,3,2
401258,3,3
402210,3,3
402378,1,1
402883,2,2
404863,2,2
405125,3,3
406254,3,3
406326,3,2
406698,2,2
407404,0,1
408608,2,1
409733,1,1
409852,2,2
409953,1,1
410176,2,2
411549,1,2
412304,3,3
412600,1,2
412663,1,1
413087,2,1
413200,2,2
414772,1,2
415023,3,3
415631,1,1
416284,2,2
416860,3,3
417522,1,1
417724,1,1
418397,1,1
418971,2,2
419024,3,3
420042,0,0
421111,2,2
422343,1,1
422542,2,2
422670,1,1
422697,3,3
423607,2,3
423622,2,2
423664,2,2
425053,2,2
425287,1,1
425919,3,3
426316,3,2
427390,2,2
427413,2,1
429015,1,1
430020,2,2
430487,0,1
430806,1,1
432478,2,2
432724,0,3
433508,3,3
433794,1,1
434841,2,2
436900,2,3
437482,1,1
437968,2,2
439855,3,2
440103,2,1
440171,1,1
440637,3,3
441024,3,2
442669,1,1
442823,3,2
442924,0,1
443837,3,3
443964,0,0
445114,1,1
445921,3,2
446439,1,1
446479,3,2
446778,3,1
447644,0,1
447695,3,2
448370,3,3
464732,2,2
464780,3,2
464924,3,3
464981,0,0
465281,3,2
465331,1,3
465577,3,3
465619,3,2
465732,2,2
465764,3,2
465789,1,1
465900,1,1
466360,0,1
466372,2,2
466430,3,3
467144,3,2
467381,3,3
467753,3,2
468623,3,2
468902,2,2
469281,3,3
469614,3,2
469887,2,2
470159,1,1
470253,3,3
470385,1,1
470617,3,2
470914,3,3
471027,0,0
471374,3,3
471580,1,2
471810,3,2
471977,3,3
472290,3,2
472309,2,2
472616,3,3
472651,0,1
472736,1,0
472762,0,1
473082,3,2
473491,3,0
474377,3,3
474495,0,1
474628,1,1
475065,1,1
475149,1,1
475163,3,2
475734,2,1
477099,1,1
477185,3,3
477246,3,2
477488,3,3
478346,1,2
478496,2,3
478513,1,1
478562,3,3
479522,1,2
479649,3,2
479987,3,3
480115,1,1
481169,3,2
481314,1,1
481350,3,2
481618,3,3
482145,2,3
482751,3,2
482868,3,2
482938,3,3
483108,2,2
483543,1,1
483666,3,2
483793,2,2
483858,1,1
484223,1,1
484435,0,2
484787,3,2
485920,3,2
485949,3,3
486300,2,2
486877,3,2
487314,1,1
487570,3,3
488192,3,3
488617,2,3
488755,3,2
489990,3,3
490313,3,2
490394,1,2
490443,3,3
490542,3,3
491033,3,3
491926,3,3
492020,3,2
492357,1,1
492537,2,2
492613,3,2
493416,1,1
494211,3,3
494498,3,2
494829,3,2
494911,3,2
495438,1,2
496355,1,2
496530,2,2
496845,1,1
497536,3,2
497955,3,2
498225,3,2
498236,1,2
498459,0,0
498602,2,2
498828,1,1
499420,0,1
499683,3,2
499703,0,0
499813,0,0
499848,2,3
500031,3,3
500189,2,1
500339,3,3
500440,3,3
501146,2,1
501617,0,0
501867,1,2
501897,3,3
502004,3,3
502353,3,2
502356,1,2
502766,0,1
503400,3,2
503457,1,1
503610,1,2
503710,1,1
503779,0,1
504363,0,1
505108,1,3
505403,3,2
505700,3,2
505722,2,2
505815,3,2
505930,2,2
505967,3,3
506144,1,2
506543,1,0
506705,1,1
507031,3,3
507344,1,1
507671,3,2
508244,3,2
508295,3,3
508637,0,1
508775,3,3
509148,3,2
509150,3,2
509177,3,3
509710,2,2
510054,1,1
510070,3,2
510266,2,1
510401,3,3
510460,3,2
510846,3,3
511258,1,1
511350,2,3
511612,3,2
511859,3,3
512257,2,3
512259,1,1
512330,2,2
512546,3,2
512852,0,1
512861,3,3
513918,3,3
513969,1,2
514504,3,2
515125,2,3
515426,2,2
515491,1,0
515734,2,3
515857,1,1
517223,2,2
517416,0,1
518134,2,3
518359,0,0
518503,3,2
519057,1,1
519116,3,3
519506,1,2
519684,3,2
519879,3,2
520077,2,1
520332,1,1
520750,2,3
520854,3,3
521115,1,1
521292,1,1
522004,3,2
522257,1,1
522525,1,1
522534,3,2
522708,2,3
522754,1,2
522924,3,2
523239,2,2
523334,3,2
523762,1,1
523817,3,3
523872,1,1
523944,1,1
524019,3,3
524170,3,2
524276,3,2
524431,3,3
524851,3,3
525060,3,3
526124,3,2
526132,3,2
526235,2,2
526441,2,2
526601,3,2
526741,2,1
527958,3,2
528021,3,2
528290,3,2
528506,1,1
528700,3,2
529179,3,2
529309,3,3
529512,3,2
529550,3,2
529723,3,3
529975,2,2
530663,1,1
531674,3,3
531896,2,2
532440,1,2
532565,2,2
532649,2,2
532744,3,3
532846,3,2
533006,3,3
533512,2,2
533689,2,2
534074,3,2
534093,1,1
534203,3,3
534733,1,1
535161,2,1
535259,2,1
535648,1,2
536276,1,1
536736,3,2
536825,3,2
537654,1,1
537811,0,0
539408,3,3
539451,2,2
539727,3,3
540509,3,3
540694,3,3
540885,3,3
541040,3,3
541482,2,1
541531,1,1
541538,1,1
541708,0,0
542054,3,2
542134,3,3
542167,1,2
542180,3,3
542557,0,0
543417,3,2
543653,2,3
543788,1,1
543953,3,3
544052,1,2
544071,3,3
544267,1,1
544271,3,3
544319,3,2
544720,2,2
545118,2,2
545255,2,2
545493,3,3
545704,1,1
545758,2,2
546139,3,2
546400,3,2
546634,3,3
546654,1,1
546934,3,2
547128,3,3
547153,2,2
547506,3,2
547612,1,1
548922,3,2
548926,2,2
549113,3,2
549439,2,1
549677,3,2
549687,1,1
549706,1,1
549769,3,3
549783,0,0
549888,3,1
549922,3,3
550393,2,2
550545,3,2
550702,0,1
550814,1,2
551158,3,2
551214,1,1
551220,2,2
551332,2,2
551397,1,1
551589,3,3
551772,2,2
551791,3,2
552220,2,2
552255,3,3
552475,3,3
552498,1,1
552666,3,3
552965,0,3
553599,0,0
553719,0,1
553741,1,2
554065,0,1
554266,3,2
554444,3,2
554459,2,2
554691,3,3
554761,2,1
555498,1,1
555760,0,1
555884,1,1
555989,0,1
556140,1,1
556251,1,2
556440,2,3
556450,2,2
556476,2,2
556521,3,2
556645,2,2
556788,3,3
556824,0,1
557608,3,2
557650,1,1
557700,1,1
557959,1,2
558440,3,2
558463,1,1
558839,1,0
559225,2,3
559518,2,2
559672,3,3
559863,0,1
559912,3,3
560064,2,1
560065,1,1
560399,3,3
560554,2,2
560723,3,2
560784,2,1
560879,1,1
561009,1,1
561113,3,3
561195,1,2
561208,1,1
561476,1,1
561560,2,2
561826,1,1
561848,2,2
561913,1,3
562437,3,2
562884,1,1
563016,1,1
563051,1,2
563230,3,3
563321,1,1
563430,3,3
563920,1,2
563951,3,3
563967,3,3
564213,1,1
564356,3,2
564649,2,2
564714,2,2
564931,3,2
565066,3,2
565109,3,3
565605,1,0
565707,3,3
565743,1,2
565840,3,3
565883,3,2
566135,1,2
566447,0,0
566464,1,1
566664,3,3
566694,3,3
566938,0,0
566979,1,1
567152,3,3
567304,1,1
567451,3,2
567597,1,3
567719,2,1
567888,0,0
568307,3,2
568596,3,1
568691,0,0
568948,0,1
569049,3,3
569132,3,3
569277,1,1
569625,2,2
569944,0,1
570453,1,1
570491,1,1
570671,3,2
570717,3,3
570732,0,1
570757,1,1
570895,2,2
570954,3,3
570985,1,1
570997,3,3
571131,1,1
571610,3,2
571765,0,1
571808,0,0
571833,1,1
571921,1,1
571950,3,3
571962,2,2
572011,2,1
572098,1,1
572154,3,2
572231,1,2
572250,3,3
572339,3,2
572396,0,1
572431,1,1
572537,0,0
572584,3,2
572588,3,2
572589,3,3
572599,3,3
572659,3,3
572735,1,1
572746,3,2
572754,3,3
572783,1,1
572816,3,2
572874,1,1
572919,1,3
573093,3,3
573153,3,3
573473,3,2
573481,3,2
573689,3,3
573858,1,1
573920,3,2
573924,1,1
574056,3,3
574259,1,1
574310,0,1
574325,2,2
574507,3,2
574508,3,2
574523,3,2
574586,3,2
574590,1,1
574637,1,2
574705,0,0
574720,1,2
574891,3,3
574928,1,1
575039,2,2
575047,2,2
575162,2,2
575258,3,3
575265,3,3
575398,3,3
575553,3,3
575763,3,2
575766,1,1
575798,1,1
576233,2,1
576251,0,1
576433,0,0
576439,1,1
576453,0,0
576541,2,1
576568,1,1
576791,1,0
576876,3,3
577148,3,3
577149,3,2
577235,2,1
577279,0,1
577427,2,2
577458,2,2
577460,3,2
577551,3,2
577566,1,1
578000,2,2
578026,3,3
578634,3,2
578815,1,1
578820,3,2
578823,3,2
579052,3,3
579176,3,3
579278,3,2
579283,3,3
579325,3,2
579362,3,2
579583,1,1
579614,1,1
580342,1,1
580384,0,0
580657,3,3
580709,3,2
580714,1,1
580722,3,2
580798,1,1
580845,1,2
580916,1,1
581123,1,1
581179,1,1
581247,1,1
581288,3,2
581316,1,1
581410,3,3
581552,1,1
581656,1,1
581676,2,1
581708,3,3
581770,3,2
581914,3,2
582320,1,1
582340,3,3
582395,3,2
582514,3,2
582530,2,2
582550,1,1
582651,3,2
582723,3,2
583288,3,3
583293,0,1
583704,1,1
583993,2,3
584077,3,2
584281,2,3
584386,2,1
584414,3,2
584443,3,3
584553,3,2
584711,3,3
584771,1,1
584926,1,1
585098,1,1
585134,1,1
585154,1,1
585222,2,2
585359,1,1
585422,3,2
585433,3,3
585526,3,3
585643,3,2
585662,3,2
585769,3,2
585812,2,2
585911,3,3
586046,2,2
586047,2,2
586088,1,1
586227,3,3
586233,3,3
586261,1,1
586476,1,2
586497,0,1
586526,3,2
586550,3,2
586594,1,1
586668,1,1
586750,2,1
586762,1,2
586781,0,0
586808,1,1
586838,1,2
586921,3,2
587008,1,1
587082,2,3
587122,3,2
587195,3,2
587244,2,1
587377,2,2
587391,0,0
587547,3,3
587550,3,2
587641,2,2
587793,3,3
587881,2,3
587900,3,3
588033,3,2
588100,1,1
588170,3,3
588178,3,3
588261,3,3
588482,1,1
588493,2,2
588556,2,2
588566,2,2
588765,1,1
588824,3,3
588842,1,1
589223,3,2
589327,3,2
589438,1,0
589441,3,2
589463,1,1
589523,2,1
589565,0,0
589634,0,1
589723,3,2
589778,1,1
589782,0,1
589956,0,1
590397,1,1
590519,2,2
590676,1,3
590886,3,3
590974,2,2
591083,2,2
591230,1,1
591593,3,3
591619,3,2
591655,2,3
591733,3,2
591869,3,2
591891,1,1
592051,1,2
592093,1,2
592124,3,2
592259,3,3
592310,0,1
592338,1,1
592372,2,2
592494,1,1
592625,1,1
592657,3,2
592731,3,2
592787,3,2
592805,3,3
592950,3,3
592951,3,2
592997,2,1
593022,1,1
593607,3,2
593657,0,0
594052,3,2
594214,3,2
594319,3,3
594326,1,2
594399,3,2
594419,1,2
594627,3,2
594909,1,1
595106,0,1
595495,1,1
595514,1,1
595553,3,3
595655,3,3
595746,3,3
595938,3,2
595988,3,2
596052,3,3
596245,3,3
596332,1,1
596441,3,3
596620,3,3
596711,1,3
596789,3,2
596812,3,3
596845,1,1
596846,1,1
596855,3,3
596860,3,2
596931,3,2
596981,2,2
597052,1,1
597166,3,2
597319,3,2
597365,1,1
597433,1,1
597436,0,0
597560,3,3
597755,0,1
597948,3,3
598028,3,3
598102,1,1
598299,1,1
598478,3,2
598501,1,3
598665,1,0
598713,1,1
598751,1,2
598887,3,3
598963,1,1
598983,1,2
599084,3,3
599109,1,1
599169,1,1
599176,0,0
599297,2,2
599341,3,2
599398,2,1
599429,3,3
599452,1,1
599461,3,3
599491,2,1
599663,3,2
599740,1,1
599976,2,2
600042,3,3
600067,0,1
600175,3,3
600350,3,3
600509,2,2
600535,2,1
600547,3,2
600796,1,1
600814,2,2
600869,3,3
600898,3,3
601043,3,2
601054,3,2
601082,2,2
601234,1,1
601388,1,1
601431,2,2
601517,2,1
601566,3,2
601567,2,2
601653,3,3
601735,3,3
601753,3,2
601857,3,3
601956,3,2
602030,2,2
602123,2,2
602151,1,1
602288,1,1
602533,0,0
602585,3,2
602683,0,0
602806,3,3
602827,3,3
602856,3,3
602973,1,1
603049,1,1
603129,1,1
603179,1,2
603302,3,3
603325,0,1
603503,1,1
603529,1,1
603560,3,3
603620,1,0
603728,2,3
603979,3,3
604057,0,0
604164,1,1
604340,3,3
604379,3,3
604694,3,2
604825,3,2
604906,2,2
604991,2,3
605111,1,1
605264,3,3
605367,2,1
605459,3,2
605468,3,3
605540,0,1
605545,2,3
605666,1,2
605840,2,3
605868,0,0
606036,3,2
606064,1,1
606170,1,1
606182,3,3
606344,3,3
606345,1,1
607047,1,1
607085,1,2
607094,2,2
607143,2,3
607427,3,3
607429,1,1
607453,1,1
607555,2,2
607600,3,2
607668,1,1
607812,1,1
607900,3,0
607947,0,1
608422,1,2
608423,3,2
608571,2,2
608577,2,2
608669,2,2
608681,2,2
608746,1,1
608821,3,3
608891,2,2
608978,0,0
608983,3,2
609031,1,1
609044,3,2
609235,0,0
609456,1,3
609527,3,2
609537,0,3
609605,3,2
609823,3,2
609852,1,0
609891,2,2
609969,1,1
610019,1,2
610033,0,1
610234,1,1
610279,1,2
610285,3,2
610287,1,2
610324,2,2
610537,2,3
610549,3,2
610622,3,2
610643,1,1
610650,1,1
610681,2,2
610684,3,3
610881,0,1
610904,1,1
611033,3,0
611173,1,2
611255,1,1
611407,1,1
611417,1,1
611465,3,3
611520,3,3
611542,1,3
611593,0,0
611813,0,1
611852,3,3
612127,3,2
612177,1,2
612179,1,2
612183,1,2
612187,1,2
612283,3,2
612327,1,1
612439,2,2
612449,3,3
612568,3,2
612798,1,1
612860,1,1
613122,2,2
613237,1,1
613370,0,1
613644,3,3
613667,1,1
613806,0,0
613954,0,1
614265,1,1
614300,1,1
614458,0,1
614623,3,3
614761,3,2
614804,1,1
615075,0,1
615225,3,3
615241,0,1
615242,2,2
615426,3,3
616386,1,1
616407,3,2
616439,2,2
616646,3,3
616658,1,1
616789,2,1
616870,1,1
617130,1,2
617327,3,3
617341,3,3
617418,2,2
617740,1,1
618377,3,3
618513,2,1
618590,2,2
618649,1,1
618683,0,0
618777,0,0
618849,3,3
618865,1,1
618875,2,1
618982,3,2
619359,2,1
619380,1,1
619472,3,3
619503,3,2
619927,1,1
619928,1,1
620159,2,2
620231,1,1
620243,2,2
620369,2,2
620484,2,1
620608,3,3
620652,1,1
620716,1,1
620782,3,3
620819,3,2
620897,3,2
621001,3,3
621300,1,2
621380,3,3
621414,3,3
621442,2,1
621605,1,1
621696,1,1
621699,3,3
621884,0,0
621906,3,3
622015,3,2
622027,3,2
622086,3,3
622096,3,2
622192,1,1
622374,1,0
622384,2,2
622413,3,2
622425,3,2
622541,1,1
622686,3,3
622812,1,1
622890,3,2
622935,1,1
622972,2,2
622976,1,1
623002,2,3
623079,3,3
623100,0,1
623124,1,1
623221,0,1
623407,3,3
623484,0,1
623511,0,0
623523,3,3
624060,0,0
624092,2,2
624126,3,3
624156,2,3
624209,1,1
624256,1,2
624354,2,2
624469,3,2
624493,1,1
624585,3,3
624730,3,2
624789,1,1
624860,3,2
624927,0,1
624957,3,2
625067,1,2
625078,3,2
625098,2,2
625100,2,2
625126,3,2
625218,3,3
625263,1,1
625288,3,3
625357,1,1
625541,2,1
625928,3,3
626103,1,0
626296,1,1
626407,2,1
626417,1,1
626463,1,2
626519,1,1
626625,2,2
626753,3,3
626757,1,0
626768,3,2
626878,2,1
627184,2,2
627283,1,2
627290,2,2
627295,3,2
627401,0,2
627417,1,1
627450,2,1
627471,1,1
627527,1,2
627581,3,2
627599,3,2
627947,3,3
628008,3,2
628034,1,1
628114,1,1
628216,1,2
628300,1,2
628361,0,0
628376,1,1
628407,1,1
628480,3,3
628618,2,2
628706,3,3
628717,3,2
628720,3,2
628777,1,2
628803,3,3
628806,3,3
628846,1,1
628910,1,1
629014,3,3
629056,3,3
629096,2,2
629400,3,3
629405,1,0
629523,0,0
629535,2,1
629560,3,2
629607,1,1
629692,0,1
629696,0,1
629748,3,2
629822,3,3
630013,2,1
630073,3,2
630165,3,2
630177,1,1
630200,2,2
630430,1,1
630431,2,2
630452,1,2
630467,0,1
630479,1,1
630510,3,3
630519,1,1
630541,3,3
630891,3,3
630905,0,0
630935,1,1
631016,3,2
631023,3,3
631073,2,1
631117,0,0
631247,0,1
631356,3,3
631491,0,0
631573,1,1
631663,1,2
631771,0,0
631851,0,0
631860,3,3
631870,3,2
631880,3,3
631924,1,1
632004,1,1
632083,1,1
632134,2,2
632260,3,3
632378,0,0
632389,3,3
632451,1,1
632575,1,1
632626,3,3
632637,2,2
632700,3,2
632709,1,1
632756,0,0
632866,3,1
632904,3,2
632929,3,2
632942,3,2
633008,0,0
633047,2,2
633069,0,1
633157,3,3
633179,1,1
633198,2,2
633205,3,3
633238,3,3
633303,0,0
633328,3,2
633334,2,2
633504,0,1
633511,1,1
633544,1,2
633618,3,3
633634,2,2
633647,1,1
633655,0,0
633746,1,1
633756,3,3
633914,1,1
633960,0,0
633990,3,2
634111,3,2
634119,1,1
634193,3,3
634200,1,1
634309,2,2
634351,1,1
634365,0,0
634420,3,2
634536,1,0
634552,1,1
634600,2,2
634648,1,2
634655,3,3
634721,2,1
634776,3,2
634817,3,2
634824,1,2
634853,1,2
635410,3,2
635573,0,0
635711,1,1
635802,0,0
636000,1,1
636124,0,0
636243,3,3
636364,0,1
636387,0,0
636420,3,3
636422,1,0
636443,3,3
636628,3,2
636716,0,2
636732,2,1
636743,3,3
636783,0,3
636996,1,1
637070,1,1
637086,3,3
637089,3,3
637325,3,2
637691,2,1
637708,0,0
637754,0,0
637939,3,3
638018,1,1
638040,3,3
638243,3,3
638254,1,1
638426,3,3
638504,3,3
638771,1,1
639012,2,3
639176,3,3
639232,3,3
640109,3,3
640443,3,3
640662,3,3
640773,1,1
641347,3,2
641363,1,1
641684,3,3
641696,1,1
641804,2,2
642066,3,3
642261,3,2
642291,0,1
642591,1,1
642627,3,3
642744,3,3
642790,3,3
642817,1,2
642838,1,3
642839,3,3
642850,0,1
642902,1,2
643114,3,3
643199,3,3
643200,3,3
643269,3,3
643278,3,3
643309,3,2
643357,3,3
643403,0,1
643404,2,2
643416,3,3
643434,3,3
643457,3,3
643514,3,3
643568,1,1
643690,3,2
643757,2,3
643758,2,1
643770,3,2
644093,1,1
644242,0,1
644246,0,0
644369,1,2
644416,0,1
644453,3,3
644480,1,1
644516,3,2
644828,1,1
644848,2,2
644905,3,2
644951,0,2
644974,1,1
645124,0,0
645144,0,0
645160,3,3
645174,1,2
645216,0,1
645219,3,3
645334,0,0
645353,3,3
645369,1,1
645481,3,3
645586,1,1
645590,2,2
645698,1,1
645710,3,3
645770,2,1
645792,0,0
645835,3,3
645847,3,3
645867,3,2
645939,3,3
645948,3,3
646071,1,2
646077,3,3
646173,1,1
646351,0,0
646359,3,3
646363,2,2
646406,0,0
646413,1,2
646459,3,3
646481,1,1
646502,3,3
646547,3,3
646553,2,2
646589,1,3
646628,2,3
646689,3,3
646739,2,3
646747,3,3
646751,3,2
646841,3,2
646938,3,3
646998,1,1
647083,2,3
647148,1,2
647184,3,3
647195,0,0
647391,3,3
647406,3,2
647417,3,2
647464,1,1
647479,2,2
647518,3,3
647593,1,1
647645,3,3
647684,3,2
647735,2,3
647763,1,1
647865,1,2
647869,3,2
647887,3,3
647888,1,1
647947,3,3
648085,1,2
648140,1,1
648161,1,1
648250,3,3
648285,1,1
648314,3,3
648321,3,3
648354,3,3
648363,0,0
648369,1,1
648419,3,3
648448,3,3
648477,3,3
648521,3,3
648536,3,3
648590,2,1
648605,3,3
648606,3,3
648625,3,3
648649,1,1
648654,3,3
648781,1,1
648818,1,1
648819,3,3
648833,3,3
648854,1,1
648868,3,3
648872,3,2
648959,2,3
649001,3,2
649105,0,0
649129,0,1
649141,3,3
649215,3,3
649248,3,3
649343,1,1
649394,3,3
649413,3,3
649523,3,3
649592,0,1
649604,1,2
649607,3,3
649701,3,3
649761,2,1
649780,3,3
649816,2,2
649840,1,1
649856,2,3
649868,1,2
650070,3,3
650074,3,2
650085,3,3
650099,1,1
650105,2,2
650133,3,2
650145,2,2
650163,3,3
650271,2,2
650341,2,3
650370,1,1
650414,3,3
650424,3,3
650511,0,1
650544,3,3
650787,1,1
650838,3,3
650849,3,2
650850,3,3
650856,1,2
650863,0,0
650927,3,3
651058,2,2
651156,3,3
651159,0,1
651187,3,3
651217,3,2
651236,2,2
651267,2,3
651298,3,3
651325,3,3
651371,3,3
651423,0,1
651495,0,0
651508,0,1
651616,3,3
651651,3,3
651734,3,3
651759,0,0
651764,0,0
651823,1,2
651839,3,3
651850,3,2
651935,1,1
651963,3,3
652023,1,1
652406,3,3
652428,2,2
652501,1,1
652570,3,3
652571,3,3
652894,2,3
652902,0,0
652945,3,3
652971,3,3
652994,3,2
653062,3,3
653115,1,3
653127,0,0
653177,3,3
653278,1,1
653352,3,3
653452,1,3
653506,3,2
653700,2,2
653726,3,3
653821,1,1
653887,3,2
653977,3,3
653998,3,2
654000,1,1
654002,0,1
654016,1,1
654031,1,1
654095,2,3
654114,1,1
654188,2,1
654202,3,3
654258,3,2
654295,3,3
654322,0,1
654407,3,3
654504,1,1
654539,0,0
654646,0,0
654671,3,3
654755,3,2
654817,0,1
654828,3,3
654888,3,3
654915,0,1
654960,3,3
655051,1,2
655108,1,0
655293,3,2
655353,1,1
655378,1,1
655390,1,1
655408,3,3
655484,3,2
655498,1,1
655627,3,3
655761,3,3
655890,0,0
655919,1,2
655927,1,1
655953,3,3
655973,1,1
655988,3,3
656026,3,3
656068,3,3
656203,2,2
656277,1,1
656287,0,0
656340,1,1
656347,1,1
656535,3,3
656539,3,3
656634,3,3
656642,1,2
656683,1,0
656878,3,3
656929,2,2
656954,3,2
656978,3,3
657048,3,2
657050,0,0
657145,0,1
657210,2,2
657211,3,3
657285,0,1
657319,3,3
657352,1,2
665414,0,1
669530,1,1
674430,3,3
674497,1,1
674541,0,0
674699,1,1
674808,1,2
674814,3,3
674882,1,2
674965,0,2
675054,1,1
675063,0,1
675111,1,1
675116,3,3
675374,1,1
675383,0,0
675396,2,1
675441,2,2
675442,3,2
675450,3,3
675477,1,1
675495,3,2
675504,0,0
675638,0,0
675758,3,3
675760,0,0
675823,3,2
675875,0,3
675902,1,2
675915,2,3
676138,3,3
676150,2,2
676366,3,3
676390,1,1
676469,2,2
676503,0,0
676526,2,2
676538,1,1
676650,0,0
676736,3,3
676760,3,2
676783,3,2
676884,3,3
676909,0,1
676916,1,1
676964,1,1
677006,1,1
677018,1,3
677085,1,1
677089,0,0
677270,3,3
677323,3,3
677349,0,1
677382,3,3
677459,1,1
677566,3,3
677641,0,0
677721,3,3
677741,0,3
677887,3,3
678088,3,3
678089,0,0
678090,3,3
678194,2,1
678203,1,1
678204,1,2
678339,1,1
678382,3,3
678393,2,2
678395,0,0
678408,1,1
678419,1,1
678474,2,3
678538,3,3
678790,1,2
678811,3,3
678843,3,2
678860,3,2
679037,3,3
679039,1,2
679114,3,3
679128,0,0
679179,2,3
679207,3,3
679271,3,3
679325,3,3
679363,2,2
679386,1,2
679431,0,0
679451,0,1
679468,3,3
679529,3,3
679539,2,2
679569,2,2
679599,3,3
679663,1,2
679733,0,0
679750,1,1
679886,0,0
679939,1,1
679959,1,1
680002,0,1
680027,0,3
680133,0,0
680145,3,2
680187,1,0
680222,3,2
680267,1,1
680333,3,3
680492,1,1
680602,1,1
680687,0,0
680698,3,3
680765,2,1
680804,1,1
680890,3,3
681165,1,0
681174,0,0
681235,1,1
681302,1,1
681335,3,2
681642,1,1
681704,3,3
681731,0,1
681789,3,3
681844,3,3
681966,3,2
682041,3,3
682212,3,3
682226,3,2
682259,2,3
682301,1,2
682309,3,2
682367,0,0
682414,3,2
682511,1,1
682565,3,3
682569,1,1
682717,2,3
682738,2,3
682961,0,1
683073,3,3
683203,3,3
683220,3,3
683373,0,1
683406,3,2
683449,3,3
683503,3,2
683625,1,1
683668,0,0
683777,1,1
683865,2,2
683912,3,3
684111,1,3
684208,2,2
684270,2,3
684313,3,3
684444,1,1
684498,2,2
684511,3,3
684514,1,1
684617,2,2
684643,2,2
684663,2,2
684669,1,1
684709,0,0
684905,1,1
684944,3,3
684990,2,2
685015,3,3
685098,0,0
685206,0,0
685212,1,1
685236,3,2
685287,1,2
685289,3,2
685399,2,2
685412,0,1
685458,1,3
685474,3,3
685487,0,0
685514,1,2
685557,2,2
685572,1,3
685597,1,1
685619,3,2
685663,3,3
685705,3,3
685750,3,3
685802,3,3
685849,1,1
685860,3,2
685871,0,0
685950,1,2
685952,2,2
685964,0,0
685988,3,3
686001,0,1
686003,3,3
686018,0,1
686034,3,3
686058,0,0
686071,3,3
686110,1,2
686268,1,1
686411,0,0
686515,0,1
686558,1,1
686584,1,1
686645,0,2
686797,3,2
686813,3,3
686877,3,3
686907,1,1
686957,1,1
687023,1,1
687146,3,3
687160,0,0
687190,0,0
687206,0,0
687216,0,0
687283,3,3
687310,2,2
687319,3,3
687345,3,3
687348,3,3
687686,1,0
687772,0,0
687844,3,3
687877,1,1
687953,3,3
687981,1,2
688028,3,3
688033,2,2
688117,3,3
688171,3,2
688271,3,3
688281,0,1
688297,3,3
688337,1,1
688356,1,1
688521,0,1
688533,3,2
688537,2,2
688672,3,3
688683,3,3
688707,2,2
688770,1,2
688776,3,3
688843,3,2
689004,0,0
689042,3,3
689050,0,0
689101,2,2
689143,3,3
689164,1,1
689190,1,1
689217,1,1
689246,1,0
689264,3,3
689346,3,3
689352,3,3
689399,1,2
689436,3,2
689527,2,3
689637,0,1
689759,1,1
689792,1,1
689807,3,3
689855,0,1
690046,3,2
690062,1,1
690365,1,1
690404,1,0
690406,3,3
690439,2,2
690507,1,2
690589,2,2
690631,3,3
690644,1,1
690695,3,3
690724,3,3
690733,0,0
690763,2,2
690948,2,1
690962,3,3
691008,3,3
691056,3,3
691069,1,0
691177,2,3
691195,2,3
691218,2,1
691257,3,3
691433,2,3
691550,0,0
691843,1,2
691926,1,1
691931,1,2
692105,0,1
692179,3,2
692219,3,3
692363,3,3
692490,1,1
692500,3,2
692603,0,0
692654,1,1
692850,3,2
692928,1,1
692933,3,2
693058,0,0
693111,3,3
693141,1,2
693147,3,3
693182,1,1
693204,1,1
693302,0,1
693340,3,2
693456,3,3
693747,1,1
693812,3,3
693836,3,3
693910,3,3
693938,1,0
693998,3,3
694103,1,1
694147,3,3
694150,3,2
694212,3,3
694361,3,3
694362,0,1
694472,1,2
694510,2,2
694523,0,0
694536,3,2
694563,3,3
694579,1,0
694680,1,2
694705,3,3
694726,1,1
694807,3,2
694860,0,1
694871,3,3
694914,3,3
695122,3,2
695232,0,3
695270,1,1
695340,3,3
695354,0,0
695369,3,3
695518,1,2
695643,3,3
695653,2,2
695673,0,1
695732,0,0
695760,3,3
695874,3,2
695915,2,2
695946,1,1
695976,3,3
696019,3,3
696234,3,2
696253,3,3
696271,0,1
696324,3,2
696357,1,1
696469,0,0
696501,3,2
696515,1,2
696696,0,0
696833,1,0
696848,3,3
696869,1,1
696930,3,2
697120,3,3
697253,3,2
697283,3,3
697460,2,2
697490,3,3
697511,3,3
697554,3,3
697567,0,1
697948,3,3
697998,3,2
698002,0,0
698024,2,2
698112,3,2
698299,0,0
698355,0,0
698359,1,1
698598,3,2
699370,2,2
857856,3,3
921739,3,3
941282,0,1
943374,2,2
973526,3,2
986561,1,1
1023623,1,1
1031884,0,1
1068316,2,2
1076015,1,1
1078701,1,0
1091274,2,1
1101190,1,1
1118218,3,3
1301103,1,2
1307784,3,2
1332356,1,1
1332514,3,3
1340760,3,3
1345808,3,2
1352733,0,0
1360953,0,0
1407549,3,3
1425806,3,3
1439723,3,3
1442981,1,2
1449245,2,2
1461795,2,2
1468838,3,2
1474903,1,0
1478030,2,2
1478775,1,1
1483632,1,1
1485702,1,1
1490624,0,2
1491894,3,2
1501577,0,1
1501614,1,1
1529458,3,2
1532840,3,3
1552044,1,1
1554143,3,2
1559964,3,3
1561750,2,2
1564630,1,1
1583847,3,2
1592048,0,1
1593442,1,1
1612600,3,3
1634278,3,2
1638548,3,3
1639743,3,3
1646172,1,2
1656486,3,2
1658963,1,1
1671022,0,0
1674799,1,1
1681946,3,0
1692156,1,1
1719166,3,3
1738582,0,0
1744800,3,3
1752098,1,1
1752813,0,1
1773925,0,3
1777834,1,3
1808622,1,1
1810414,2,2
1817515,2,2
1826819,0,0
1828753,0,1
1829051,3,3
1841267,3,2
1841850,3,3
1848820,2,2
1850818,3,2
1851108,0,0
1864086,3,2
1874160,1,1
1881041,3,3
1896088,2,2
1897054,1,1
1902240,1,1
1906003,1,2
1915824,1,1
1916140,3,3
1930949,3,3
1936285,0,0
1937511,3,3
1942491,1,1
1942870,1,0
1945240,3,2
1958121,0,0
1960479,1,1
1961938,0,0
1966597,3,2
1976004,3,2
1982166,1,1
1986081,3,3
1991399,0,0
1994385,3,3
2009279,3,3
2013403,1,0
2020916,1,2
2026585,1,1
2030117,2,2
2030241,3,3
2032057,3,2
2039190,3,3
2041743,3,3
2044299,3,2
2050179,0,1
2063436,3,3
2067377,1,1
2070517,0,0
2078353,2,2
2083701,1,1
2084711,1,0
2091230,0,1
2093150,1,0
2094849,3,2
2096918,2,1
2101566,3,2
2112670,3,2
2127889,1,0
2133234,3,2
2137171,1,1
2138146,3,2
2138904,3,3
2139273,3,2
2142055,1,1
2142516,1,0
2147889,3,2
2149324,3,2
2154220,3,2
2159868,1,2
2166000,3,3
2172136,0,0
2178686,0,0
2179304,3,3
2182333,3,3
2202076,3,3
2216442,3,3
2230407,3,2
2242383,3,3
2244214,3,2
2252437,3,2
2257112,1,1
2257740,1,1
2268049,3,2
2274929,3,2
2277009,1,1
2285527,1,1
2289145,1,1
2297770,3,2
2316201,1,1
2326041,3,3
2327472,1,1
2333156,0,0
2338535,3,2
2339333,1,1
2340786,0,1
2345751,1,1
2358258,1,1
2358707,3,3
2361633,1,1
2366117,0,0
2367058,3,2
2372788,3,3
2373648,3,2
2376512,1,1
2376717,3,3
2377769,3,2
2383983,1,1
2384666,3,2
2388623,2,2
2393945,1,1
2394090,1,1
2396985,2,1
2405801,3,2
2405934,2,2
2410609,1,2
2413037,3,2
2415526,1,1
2421961,2,2
2422258,3,3
2424697,3,3
2434666,0,1
2437591,3,3
2439239,3,2
2451523,0,0
2454119,3,3
2458925,2,2
2462607,1,0
2462628,3,2
2462862,3,3
2464118,1,1
2464386,1,1
2469688,1,1
2470326,2,3
2472995,2,2
2473058,3,3
2480654,3,3
2483382,3,2
2485655,3,3
2499779,2,1
2500064,2,2
2502882,3,3
2504694,3,3
2517389,1,1
2520539,1,1
2522932,2,3
2533650,2,2
2552412,2,1
2554973,3,3
2555596,3,2
2557563,1,1
2558071,1,1
2559144,0,1
2561862,3,3
2564333,3,2
2574909,3,2
2578004,3,3
2585270,3,3
2588294,3,2
2590948,2,3
2593689,1,1
2593755,1,1
2593920,1,1
2595204,2,2
2595526,3,3
2596553,3,2
2598631,2,3
2598961,0,0
2599883,0,0
2609069,3,2
2612725,3,3
2613225,3,2
2613746,3,2
2614093,1,1
2619025,1,1
2619472,3,3
2620661,1,2
2622441,1,2
2622627,3,2
2623427,2,2
2627491,3,3
2630469,3,2
2633981,3,3
2637000,3,3
2637912,2,2
2647893,0,1
2650741,2,1
2655763,2,2
2658314,1,1
2668106,0,1
2672114,3,3
2677097,3,3
2681198,3,3
2686712,2,2
2689013,3,2
2691267,1,1
2691861,2,2
24213,1,1
28149,3,3
31269,3,3
35502,3,3
39660,2,2
46753,1,2
49119,3,2
50309,3,3
50476,0,1
50619,3,3
51030,1,1
53632,3,2
54810,3,3
58617,2,2
61911,2,2
64450,1,2
64767,3,2
67781,0,1
69489,2,3
71723,2,3
75309,3,3
75469,3,3
76081,3,3
84576,0,1
84605,1,1
85216,2,3
85304,3,3
88490,0,0
88910,1,1
89904,1,1
90537,1,1
95356,3,3
97939,2,2
99151,2,3
103891,3,3
111959,3,2
116763,3,2
117281,1,1
117435,2,2
118479,1,1
118578,3,3
124134,2,0
124847,3,3
127580,1,1
128348,3,3
131695,3,3
134721,3,2
137150,3,2
138204,2,2
138416,1,1
138704,1,1
139455,2,3
141182,3,3
141301,3,3
141497,2,2
144908,3,2
145114,1,2
145640,0,1
145770,3,2
152320,3,1
154697,3,3
157310,3,3
161286,3,3
161878,3,3
162901,3,3
165178,2,2
172965,3,3
178258,3,1
183331,2,2
187663,1,1
189178,2,1
189442,3,1
192186,1,1
196264,3,3
201151,0,1
226895,3,1
227826,3,3
228272,1,1
228373,2,3
228775,2,3
229499,2,3
231973,3,3
232827,0,1
233868,3,2
236015,3,3
237925,3,3
237969,3,3
239459,1,1
240389,3,2
240486,1,1
240755,0,1
242633,1,1
244438,3,3
247342,3,3
250058,3,3
255622,3,3
260367,3,3
260565,1,1
263022,3,3
264723,1,2
266922,1,1
267118,3,3
268883,3,3
268915,3,3
271974,1,1
277166,1,1
284540,2,2
285412,1,1
286449,2,2
287499,3,3
288407,3,3
291005,2,1
299949,3,1
300592,1,2
306944,2,2
309258,3,3
309756,2,2
312761,1,1
315517,3,3
315633,3,3
315723,3,3
317801,1,1
320593,2,3
321810,1,1
323659,3,3
325044,0,0
325566,2,2
327449,2,2
328123,2,2
333308,1,1
334504,3,3
335471,3,2
336936,3,2
339513,1,1
347365,2,2
348439,3,3
352308,3,3
352600,3,3
352679,3,3
354050,2,2
354953,3,2
355309,0,1
355780,3,2
355935,1,1
356166,1,1
356297,1,1
356705,3,3
360759,3,1
361842,3,3
362115,2,3
363122,1,3
365397,2,2
365764,2,2
367045,3,3
367127,1,1
367646,0,0
370089,3,3
370865,1,2
373790,3,2
373795,3,2
374645,1,1
375856,1,1
376280,2,2
378728,1,1
379330,3,3
380681,3,2
382051,1,1
384372,2,3
385927,1,1
385947,3,2
386140,3,3
386671,0,1
386849,3,2
387289,2,3
387656,3,3
387963,0,1
390026,1,1
391611,2,2
391924,1,1
392802,3,3
393094,3,3
394020,2,2
395164,3,3
395288,2,1
397429,2,2
398529,2,2
399203,3,3
400461,3,3
400599,3,2
402314,0,1
402575,3,3
406753,3,3
407115,2,3
407303,1,1
409284,3,3
410816,3,2
411060,1,1
412600,2,2
412663,1,1
413629,3,3
415151,2,2
415695,2,2
416008,1,1
418453,1,1
418781,1,1
421242,3,3
421754,3,3
421877,3,3
424880,1,1
426137,3,2
426297,0,1
428769,2,2
430282,3,3
430678,1,2
431136,3,2
431406,0,0
434002,3,1
434841,2,2
440103,1,1
440331,1,1
440798,2,2
441213,1,1
441393,3,3
442393,2,3
442873,1,2
443861,1,1
444474,3,3
445145,2,1
445857,1,1
447162,1,1
464592,2,2
464685,1,1
464748,3,2
464887,3,2
465413,1,1
466158,3,3
466714,3,3
467230,0,1
468386,3,2
469425,2,3
469614,1,1
470555,3,3
470733,2,2
471189,3,2
471476,2,3
471669,2,2
472257,1,1
472284,0,0
472651,0,1
473265,3,3
473406,3,3
474153,2,2
474451,2,2
477063,2,3
477180,2,3
479649,1,1
479921,3,3
480956,1,1
481863,1,1
484130,3,3
484213,1,1
484305,3,3
484762,1,1
485219,2,3
485306,3,3
486022,1,1
488550,3,3
489507,1,1
490164,2,3
491036,1,2
491792,3,3
491912,3,3
492095,1,1
492537,1,1
493055,3,3
493296,2,2
493434,3,3
493793,3,3
493879,3,3
493984,3,2
494329,3,2
496085,2,3
497206,3,3
497405,3,3
498363,1,1
498438,3,3
498582,3,3
498793,3,1
498905,3,3
498980,2,2
501123,3,3
501487,0,1
501723,3,2
501890,3,3
502004,1,1
502057,1,1
502161,2,2
502207,2,2
504089,2,3
505561,2,2
505815,1,0
505854,3,2
507812,3,2
508446,3,2
508594,3,2
508872,3,2
509100,3,3
509417,3,3
511869,3,3
511890,3,3
513415,3,2
513687,1,2
513957,1,1
514277,3,3
515161,2,3
515331,2,2
516318,2,2
517864,1,1
518265,3,3
518330,3,3
520349,3,2
520962,1,1
521249,3,3
522129,3,3
522205,2,2
522363,3,2
522690,3,3
522840,1,1
523583,2,2
523857,1,1
523978,1,1
524109,2,1
524137,1,1
525412,2,2
525635,2,2
526098,3,3
526175,2,2
527242,3,2
527323,2,2
528330,3,3
528699,3,2
528822,3,3
529190,1,1
531069,3,2
531234,1,1
531243,3,2
531340,3,2
532194,3,2
532988,2,3
533012,2,3
534201,1,1
536794,3,3
536941,1,1
536999,3,3
537238,3,3
537756,1,1
539060,3,3
539186,2,2
539451,1,1
539588,2,3
539872,3,2
540758,1,1
541000,1,1
541765,1,1
543356,3,3
543361,3,3
543789,0,0
543976,3,3
544499,3,2
544587,2,2
545387,3,2
546025,2,2
546040,2,1
546299,3,3
546403,3,2
546584,1,1
546654,0,1
547629,3,2
547786,3,2
547816,3,3
547860,3,3
548292,1,1
548371,2,2
548500,3,3
549160,3,2
549785,3,3
550046,0,0
550638,2,1
550893,2,2
551109,3,3
551171,1,1
551340,3,3
551427,2,3
551814,1,1
552003,0,1
552255,1,2
552908,3,3
554065,0,0
554444,3,3
554585,3,3
554588,2,2
554712,3,3
555132,3,2
555137,2,2
555408,2,2
555446,2,2
556007,3,2
556057,1,1
556170,3,3
556171,2,3
556370,2,2
556374,3,2
556416,0,1
556836,3,3
557404,1,1
557751,3,3
558029,1,0
558292,1,1
558629,2,2
558705,1,1
559328,1,1
559872,1,1
560944,1,1
561503,3,3
561906,3,3
561913,1,1
562112,0,1
562248,2,3
562632,1,1
562708,3,1
562929,2,3
563081,1,1
563631,2,3
563763,1,1
564081,2,3
564643,3,3
564712,3,3
564944,3,3
564970,3,3
565158,1,1
565840,2,2
565851,2,2
566240,1,1
566652,2,3
566694,1,1
566788,1,1
567595,0,1
567808,2,2
567896,2,3
568631,3,2
568686,2,2
569084,1,1
569706,3,2
569944,0,0
570049,1,2
570215,1,1
571000,1,2
571008,3,3
571292,3,3
571397,1,1
572043,3,3
572235,3,2
572414,3,2
572924,1,1
573126,1,1
573235,2,2
574190,3,2
574590,1,1
574909,0,0
575603,1,1
575773,2,3
575792,1,1
576041,1,1
576350,2,3
576584,1,1
576827,3,3
576869,3,3
577954,3,2
577977,3,3
578031,0,1
578595,2,1
578815,1,1
579134,1,2
579178,3,3
579711,1,1
580912,1,1
581409,3,3
581648,0,1
581909,2,3
582366,2,3
582479,1,1
582920,2,3
583053,1,1
583348,3,3
583713,1,1
583775,1,1
584077,3,2
584082,2,2
584089,3,3
584660,1,1
584952,3,3
585372,3,3
585384,3,3
585485,3,3
585830,0,0
586347,1,1
586369,3,2
586537,3,3
586876,1,1
586946,3,3
587310,3,3
587403,3,3
587576,3,2
587633,2,3
588059,3,3
588182,2,2
588198,1,1
588397,2,2
588560,3,3
588749,3,2
588752,2,1
589445,3,3
589569,3,3
589963,1,1
590410,3,3
590504,2,3
590541,0,0
590680,1,1
591100,3,3
591448,1,0
591648,3,3
591654,2,2
591742,3,3
591852,3,3
592220,2,2
592465,1,1
593099,3,3
593607,1,1
593657,0,0
594078,1,1
594407,2,2
595193,1,1
595342,3,1
595373,2,3
596439,1,1
596465,1,1
596906,2,2
597242,3,3
597356,3,3
597379,3,3
597839,3,3
598102,1,1
598179,1,1
598750,1,1
599134,2,2
599649,2,2
599789,1,1
600130,3,3
600670,1,1
600767,1,1
600814,3,3
600891,1,0
601082,1,1
601093,1,1
601270,3,3
601329,3,3
601652,3,3
601731,2,3
601956,1,1
602228,2,1
602365,1,2
602454,1,1
602533,0,1
603241,3,3
603302,0,1
603559,2,2
603690,1,1
604027,3,2
604398,3,3
604480,3,3
604704,3,2
604905,1,1
605131,3,3
605596,1,1
605652,1,2
605695,1,1
605759,3,3
605781,1,1
605890,2,2
606802,3,3
606884,2,2
606905,3,3
607063,3,3
607130,1,1
607214,3,3
607462,2,2
607572,2,2
607705,3,3
607939,2,3
607946,3,3
608322,1,1
608487,1,2
608724,1,1
608772,3,2
609019,2,2
609089,3,2
609194,1,1
609265,1,1
609267,3,3
609354,3,3
609570,2,2
609573,0,1
609681,3,2
609708,2,2
609852,0,1
609946,3,2
610129,3,3
610170,3,2
610228,3,3
610261,2,2
610285,0,0
610326,1,1
610515,1,1
610609,3,3
610931,0,0
611377,1,1
611493,2,3
611520,3,2
611735,3,2
611800,3,3
611845,2,2
611865,3,3
611879,1,1
611910,2,3
611983,2,2
611988,3,3
612000,0,0
612026,3,2
612111,3,3
612136,1,1
612283,3,3
612326,0,1
612439,1,1
612443,3,3
612563,2,3
612625,2,2
612669,3,3
612805,3,3
612822,3,2
612935,3,2
613063,3,3
613105,2,2
613107,1,1
613313,0,0
613370,0,1
613466,0,1
613617,3,3
613667,0,0
613834,1,1
613876,2,2
614025,3,2
614074,1,1
614176,1,1
614217,3,3
614241,2,2
614265,0,1
614406,3,3
614471,3,1
614633,3,2
614649,2,2
614650,3,3
614804,1,1
614808,1,1
614879,3,3
614930,3,2
614949,1,1
615075,0,1
615184,2,3
615438,3,2
616166,3,3
616334,2,2
616388,3,3
616542,1,1
616658,1,1
616684,3,2
616862,3,3
616870,1,1
616874,3,3
616952,1,1
617265,3,2
617327,1,2
617350,3,3
617401,3,2
617442,1,1
617619,2,2
617699,1,1
617771,3,2
617781,1,1
617801,1,1
617880,1,1
617897,2,2
618131,2,2
618171,2,2
618295,1,1
618300,3,3
618377,1,1
618583,3,3
618649,1,1
618675,2,2
618682,3,2
618683,0,0
618696,2,2
618845,1,1
618913,3,2
618937,1,1
618940,0,0
618963,3,3
618968,3,2
618998,2,2
619015,3,3
619297,1,1
619359,0,1
619382,3,2
619403,1,1
619851,3,2
619908,3,3
619939,2,3
619964,3,3
620060,3,3
620102,2,3
620106,3,3
620159,1,1
620231,1,1
620243,1,2
620337,2,2
620393,3,3
620437,2,2
620508,3,3
620608,2,2
620630,1,1
620658,1,1
620734,0,0
620793,3,3
620820,0,0
620892,2,2
620925,3,2
620951,3,2
620974,3,3
621004,1,1
621010,1,1
621300,0,1
621352,2,3
621384,2,3
621442,1,1
621457,0,1
621615,0,1
621659,3,3
621675,3,3
621699,1,1
621883,0,1
621908,2,2
622086,1,2
622175,2,2
622192,0,1
622199,3,3
622207,2,3
622215,1,1
622225,2,2
622256,3,3
622281,3,2
622333,3,3
622413,1,1
622435,2,1
622499,3,3
622541,1,1
622571,2,2
622614,2,2
622626,3,3
622630,3,3
622657,2,2
622672,3,2
622724,1,1
622764,0,0
622790,3,3
622792,2,3
622844,3,3
622851,2,3
622873,3,3
622900,2,2
622968,3,3
623008,1,2
623015,2,2
623052,3,0
623073,1,1
623099,3,3
623164,1,1
623210,2,2
623257,3,2
623332,3,3
623347,0,0
623514,1,1
623541,1,1
623585,1,1
623601,3,3
623740,3,2
623815,1,1
623826,0,0
623829,3,3
623834,3,3
623917,2,3
623931,1,1
623932,2,3
623997,3,3
624007,1,1
624052,1,1
624068,3,3
624077,0,0
624078,2,3
624093,3,3
624105,2,2
624156,1,1
624358,1,1
624407,2,2
624476,3,3
624492,3,3
624493,0,0
624570,2,3
624585,1,1
624610,3,2
624651,3,3
624730,2,2
624789,1,1
624804,1,1
624829,2,2
624839,1,1
624881,1,1
624921,3,2
624927,0,1
624944,3,3
625035,0,0
625080,3,3
625098,2,2
625218,0,0
625263,1,1
625427,1,1
625568,3,3
625613,3,3
625615,2,2
625714,1,2
625748,1,1
625864,1,1
625874,3,3
625902,3,3
625913,3,3
625983,3,2
626018,2,2
626040,2,2
626049,3,2
626061,1,1
626114,0,1
626146,1,1
626172,0,1
626192,1,1
626217,2,2
626238,1,1
626321,3,3
626348,3,1
626405,2,3
626417,0,1
626450,0,1
626546,3,3
626551,0,1
626556,1,1
626607,3,3
626679,2,3
626723,2,3
626798,3,2
626852,1,1
626885,1,1
626889,1,1
626930,3,2
626979,2,1
627021,1,1
627071,3,1
627100,1,1
627173,2,3
627184,1,1
627276,1,1
627322,0,1
627333,1,2
627367,3,3
627370,3,3
627397,0,1
627416,3,3
627536,0,0
627581,2,2
627616,3,3
627638,3,2
627655,2,3
627690,3,3
627772,1,1
627879,1,1
627882,0,0
627891,1,1
627924,3,1
628008,1,1
628099,1,1
628150,3,3
628216,0,1
628246,1,1
628262,3,3
628333,1,1
628347,1,1
628376,1,1
628386,1,1
628437,3,3
628502,1,1
628575,0,1
628642,1,2
628806,0,0
628835,1,1
628841,3,3
628858,3,3
628875,1,1
628915,0,1
628947,3,3
628956,1,1
629000,2,2
629039,3,2
629055,1,1
629316,2,3
629405,1,1
629442,3,3
629452,0,1
629454,3,1
629632,3,3
629673,2,3
629696,0,1
629699,2,2
629702,3,2
629706,3,2
629707,3,3
629710,0,0
629713,3,3
629725,1,1
629773,3,3
629822,1,2
629876,2,1
629877,0,0
629898,1,1
629921,1,1
629955,2,2
630009,3,3
630073,1,1
630137,1,1
630152,2,3
630178,1,1
630195,3,2
630200,1,2
630301,2,2
630359,3,2
630401,3,3
630432,1,1
630531,3,3
630556,3,3
630596,0,0
630613,1,1
630774,1,1
630818,0,0
630935,1,1
630939,3,3
630948,1,1
631029,2,2
631131,1,1
631207,2,2
631240,3,2
631257,1,1
631299,2,2
631322,1,1
631355,2,3
631388,1,1
631439,0,0
631513,3,2
631514,1,1
631527,3,3
631560,3,3
631569,1,1
631600,2,3
631623,3,3
631630,3,3
631639,1,1
631670,1,1
631749,3,2
631771,0,0
631813,2,3
631846,3,2
631851,0,0
631945,2,2
632115,2,2
632125,2,1
632195,2,1
632205,1,1
632215,0,0
632260,3,3
632305,1,1
632314,3,2
632463,2,3
632469,3,2
632473,3,3
632482,2,3
632486,3,3
632504,2,2
632551,2,1
632680,0,0
632725,2,2
632741,1,1
632790,1,1
632793,3,1
632814,2,2
632845,1,1
632856,3,3
632879,3,3
632898,2,2
632975,3,3
633008,0,0
633214,2,2
633273,3,2
633325,1,1
633331,3,3
633341,3,3
633355,1,1
633368,1,2
633384,3,3
633467,1,1
633477,3,3
633510,2,2
633591,1,1
633618,3,3
633763,1,1
633764,1,1
633771,2,3
633864,0,0
633921,1,1
633960,0,0
634094,1,1
634106,1,1
634107,3,2
634108,3,3
634178,1,1
634246,1,1
634278,2,2
634295,3,3
634313,3,2
634351,1,1
634360,3,3
634383,0,1
634397,2,2
634420,1,1
634508,3,1
634596,1,1
634648,1,1
634681,0,0
634816,3,3
634824,1,1
634905,0,1
634909,2,3
635058,0,0
635100,1,1
635141,1,1
669530,3,1
835603,3,3
879295,0,1
909056,1,1
963176,3,3
997948,3,3
1031884,0,0
1033968,3,2
1049036,1,1
1175060,3,3
1332356,0,1
1531649,3,3
1549107,1,1
1552044,0,1
1554143,3,2
1591864,3,1
1592048,0,0
1612600,1,1
1614808,3,3
1624025,3,3
1668372,3,3
1671208,3,2
1671761,2,3
1671811,1,1
1735651,1,1
1735653,1,2
1763186,1,1
1767786,3,2
1777223,3,3
1804143,3,2
1826729,1,2
1843355,2,2
1845093,3,3
1874160,1,1
1903131,2,3
1916140,1,1
1939179,2,3
1945434,1,1
1951727,1,0
1962854,1,1
1981053,3,3
1986370,3,2
1994454,3,3
2001102,3,3
2002727,2,2
2043916,3,2
2046628,3,3
2077023,1,1
2080340,2,3
2087698,0,0
2091387,0,0
2109013,3,3
2110039,3,3
2151748,3,2
2162388,2,2
2172136,0,0
2173688,2,2
2188469,2,3
2210989,0,1
2228206,3,2
2231018,1,1
2261142,2,1
2265935,3,1
2266889,1,1
2301511,2,2
2305237,3,3
2305957,3,2
2306519,1,1
2312809,1,1
2333244,3,0
2336922,1,1
2343809,1,1
2348961,1,1
2352039,3,2
2356318,2,2
2357168,3,3
2365009,3,3
2366701,3,2
2371311,2,3
2394090,0,0
2399951,2,3
2411981,3,3
2414973,1,1
2415480,0,0
2416424,1,2
2416501,1,1
2436400,0,0
2444109,3,2
2446778,3,3
2450600,0,0
2450650,1,1
2451003,1,2
2452902,1,1
2460775,0,1
2465186,2,2
2473025,1,1
2485856,2,3
2495139,2,2
2499850,3,3
2502516,0,1
2502707,3,2
2503273,1,1
2516497,2,3
2519622,3,2
2521837,3,3
2523146,2,2
2527077,2,3
2533297,2,2
2533590,2,3
2544678,3,3
2545413,2,2
2550946,0,0
2558463,1,1
2558536,3,2
2577480,3,2
2588215,3,2
2588296,3,3
2588543,2,2
2595457,3,2
2595730,3,2
2599201,3,3
2608626,0,1
2609908,1,1
2610581,3,3
2611371,1,2
2619496,0,1
2621984,3,3
2623532,3,3
2631092,3,3
2635116,3,2
2636552,3,3
2637219,0,0
2638464,3,3
2639021,3,2
2640853,2,3
2643028,1,1
2646737,3,2
2648035,1,1
2659530,0,1
2660408,1,1
2661162,1,1
2668106,3,3
2669736,1,1
2669995,1,1
2675343,1,1
2683696,3,3
2684847,1,1
2685827,1,1
2686365,2,2
2686865,1,1
2688692,1,1
2689501,3,2
2692101,2,2
2692577,0,1
2692948,1,1
2694886,1,1
2696376,2,2
2698251,2,1
2710343,2,3
8462,3,2
25572,3,2
27417,3,3
33387,2,3
33681,2,3
33796,1,2
33897,3,2
34087,2,2
36385,3,3
39208,3,3
46016,3,2
46812,3,3
51033,1,0
51153,1,3
51253,3,3
51955,2,2
53632,2,2
54810,1,3
58731,1,1
63015,2,2
63827,3,2
68417,1,2
69239,3,3
71676,1,1
73019,2,2
73664,2,2
75309,3,3
75427,2,1
76081,1,1
80329,1,3
80775,1,1
83553,2,3
88439,1,1
91470,1,1
96874,2,2
99075,2,2
99609,3,3
100561,2,1
101187,3,3
101279,2,3
102221,1,3
103891,3,3
104215,3,3
104772,2,1
106553,1,2
110524,1,1
110640,1,0
111415,3,3
111926,1,2
118578,3,3
123053,3,2
123183,1,1
123957,2,2
124210,3,3
124728,3,2
125830,3,1
129989,0,0
131152,2,2
131612,1,0
132157,2,1
132511,2,3
133365,1,0
134243,1,2
134920,2,2
135999,3,3
136135,1,2
136793,1,2
138715,2,2
145188,2,2
145578,3,3
146943,3,3
147328,1,1
147715,2,3
148414,1,1
151745,1,2
152320,1,2
153170,1,3
154073,2,3
158575,3,3
160181,3,2
162337,2,3
163996,2,3
167945,3,3
168843,3,3
169894,1,2
172965,1,2
175804,3,2
177781,2,2
184409,0,0
185024,3,2
189143,0,1
190279,1,1
191732,2,2
192375,1,2
202138,3,3
202489,3,2
203149,2,3
204410,1,1
204609,1,1
226895,1,2
231697,3,3
233868,2,2
233873,1,2
234552,1,1
235893,0,0
236017,3,3
236150,3,3
240186,1,3
240236,2,2
241066,1,2
241769,3,3
243025,1,1
249359,1,2
253579,2,2
256144,1,1
258538,1,3
260077,1,2
260639,3,3
264601,3,3
267118,2,2
268143,1,2
269575,3,0
269856,1,1
270502,1,2
275297,0,3
275309,3,3
276935,1,1
279117,3,2
281172,1,3
281252,3,3
281799,3,2
281920,1,2
282498,3,3
284741,3,3
285481,1,1
287897,3,2
287954,2,2
288762,3,3
295118,1,1
296138,0,3
298777,2,2
300057,2,2
301036,3,3
303141,1,1
303341,3,3
306754,3,3
307116,3,3
309258,3,3
309350,3,3
313561,1,0
318919,1,3
319325,3,3
321952,2,3
322137,1,1
323025,3,3
323680,1,1
324338,2,2
328241,1,1
331526,3,3
333823,2,3
334048,1,2
334581,0,1
334973,1,0
335018,1,2
335922,3,2
336213,1,1
336218,2,2
337048,3,2
337359,1,2
338704,1,3
339853,2,2
340627,2,2
341855,2,2
341921,1,1
348602,3,3
349688,1,2
349910,1,2
350361,3,3
351080,2,3
351244,1,2
352954,3,3
353969,3,3
355034,3,2
356561,2,3
359657,3,3
361842,2,3
364307,3,2
365375,3,3
365893,1,2
367309,1,2
368195,3,2
370089,1,1
370100,3,2
370184,1,3
370274,1,1
370375,2,2
371019,1,1
371949,2,3
373280,2,2
373795,3,3
376758,3,2
378388,3,3
379336,1,1
380681,3,2
381439,3,2
384106,3,2
384295,2,3
384499,1,1
384999,0,2
385019,2,2
385495,2,2
385563,1,3
386140,2,3
387359,1,2
387364,3,3
389076,3,2
390556,0,2
390849,1,2
392250,3,3
393094,3,2
393727,1,1
395535,3,2
395980,3,3
397894,3,1
398816,1,1
399628,2,2
399772,3,2
399794,2,2
400091,1,2
402268,3,2
402829,3,3
402958,1,2
403052,2,2
406425,3,3
407487,2,2
408344,2,3
409120,3,2
409205,1,1
410767,1,0
411549,2,2
412717,1,1
413087,2,2
414094,2,1
414963,1,1
416276,3,3
417157,3,3
418851,3,3
419913,1,3
420141,1,0
420344,3,2
420560,1,3
420745,3,3
420762,0,0
421185,1,2
421242,3,3
422343,0,2
423650,3,3
424211,1,1
425393,3,3
425910,2,3
428116,1,2
428787,3,2
429740,3,3
431136,2,2
432642,2,1
434002,1,3
434767,3,3
435536,3,3
435572,1,2
436898,0,1
438135,3,3
441087,1,3
441354,3,3
441897,1,2
442017,3,2
442191,3,3
442549,2,2
443275,1,1
443539,1,1
444180,1,1
444388,3,3
444625,3,3
444766,1,1
444783,3,3
445239,1,0
445351,2,3
445429,1,2
445451,1,3
445474,3,3
445595,3,3
445782,3,3
446097,1,2
446730,1,0
446761,1,1
447393,3,3
447510,1,3
447644,1,3
464748,1,2
464968,1,2
465564,1,1
465629,1,2
466230,1,3
466289,1,2
466714,3,3
466956,3,3
467893,1,2
468386,2,2
468720,1,3
468845,1,2
469624,2,1
469633,1,1
470555,2,3
470914,1,3
471781,3,3
471976,2,3
472073,1,1
472616,0,2
472649,3,3
472949,2,2
473129,1,2
474119,3,3
474246,2,2
475443,3,3
475839,2,3
475863,1,1
475908,2,2
477099,3,3
477354,1,1
477556,2,2
478326,3,3
478517,2,2
479553,1,2
482173,1,2
483136,1,2
483149,1,1
483200,1,0
483343,3,3
484130,3,3
484171,3,3
485282,1,3
485421,1,1
485612,3,3
486244,3,3
486287,1,1
486539,3,3
487556,1,1
487607,2,2
488575,3,2
488941,0,0
490629,1,0
491688,3,3
492254,3,3
492480,1,2
492496,0,3
493207,2,2
493434,2,2
493650,3,2
493826,3,3
493876,2,2
495493,1,1
495615,1,2
495762,3,3
495881,1,0
495903,3,2
496154,3,3
496494,2,2
496916,1,1
497989,3,3
498326,3,3
499865,3,2
500339,3,3
500707,2,2
502470,1,1
502557,3,2
504034,3,3
504064,2,2
504251,1,3
504552,2,3
504589,1,2
504749,3,2
504841,3,3
506824,2,2
507478,2,2
507576,3,3
508615,2,2
508829,3,2
508859,1,1
508872,2,2
509933,2,3
509998,3,3
510424,1,2
510456,0,1
510532,3,3
511345,1,1
511676,2,2
512046,1,2
513283,3,2
513356,3,3
514277,0,2
514324,2,2
515052,2,2
515645,2,3
516405,3,2
516562,2,3
518244,1,1
519116,3,3
519941,3,2
520349,1,2
523762,1,2
523817,3,3
524020,3,3
524427,1,2
525068,0,1
525870,1,2
526352,1,1
526699,3,3
526912,3,2
528175,3,3
528363,3,3
528535,3,2
529789,3,2
529885,3,3
530807,3,3
531646,2,1
532236,1,2
534827,3,3
535220,2,2
535351,2,3
536296,1,3
536736,3,3
537463,3,3
537577,1,2
540821,2,2
540885,3,3
543478,2,2
543976,3,2
544612,3,2
544649,3,2
545127,3,3
545752,2,3
546299,2,2
546773,2,2
547464,3,3
547786,2,2
548486,3,3
548851,3,2
549337,2,3
549626,3,2
550142,2,2
550358,2,2
550380,2,3
551332,3,2
551440,2,2
551595,3,2
552114,2,2
552965,1,0
553367,1,1
553576,3,3
554215,3,3
554407,3,3
554746,2,2
554863,1,2
554885,3,2
555132,3,3
555989,1,2
556007,2,3
556374,2,2
556514,1,0
557083,3,3
557237,1,3
557389,1,1
557474,3,2
559447,1,1
559707,2,3
559852,1,1
559882,3,3
560301,1,1
561848,2,2
561904,1,1
562100,3,3
562619,3,3
562827,3,3
562890,3,3
563453,1,1
563595,2,3
563710,3,2
563845,0,0
563847,2,2
564000,3,2
564643,3,2
565006,2,2
565209,1,2
565446,1,3
566134,3,2
566300,1,1
566482,3,2
566553,2,2
566560,3,3
566712,3,3
567176,2,2
567281,3,3
567285,1,1
567597,3,3
568103,1,2
568297,2,2
568415,3,3
568446,0,1
569633,1,1
569737,1,0
569749,3,3
569840,1,2
570119,1,3
570411,1,1
570863,1,1
571292,2,2
571382,3,2
571644,1,0
572043,3,3
572156,1,1
572281,1,2
572413,3,3
572414,3,2
572430,1,2
572434,1,2
572722,3,3
572880,2,1
573328,2,3
573646,2,2
573742,1,2
573969,1,2
574347,1,2
574431,2,1
574612,2,2
574843,3,2
574866,3,2
574928,1,3
575009,1,1
575200,3,3
575272,3,3
575337,3,3
575380,1,1
575398,2,2
575566,2,3
575855,1,2
575999,2,3
576306,1,2
576515,1,1
576885,1,1
577196,1,2
577359,3,3
577520,1,1
577526,1,2
577566,1,2
577638,1,2
577652,1,2
577751,1,2
577934,3,3
577937,1,1
577977,3,2
578395,1,3
578427,2,2
578616,1,1
578646,1,1
578857,1,2
579017,1,2
579172,2,1
579386,1,1
580450,2,2
580458,1,1
580534,2,2
580838,3,3
582009,1,0
582197,1,1
582608,1,2
583092,3,2
583147,3,2
583276,3,3
583604,3,3
584038,3,2
584077,3,2
584591,3,3
584981,1,0
585153,1,1
585354,1,2
585432,1,0
585526,1,2
585626,1,1
585773,1,1
585832,1,0
585998,2,3
586121,1,2
586315,1,1
586444,3,3
586729,1,3
586946,1,1
586957,3,3
587140,1,2
587375,1,1
587446,1,3
587576,1,3
587579,1,1
587772,3,2
587777,2,2
588058,3,3
588179,1,3
588203,1,3
588240,1,1
588383,3,3
588954,3,2
589279,1,1
589585,1,2
590110,3,3
590127,1,3
590227,3,3
590340,0,0
590562,1,3
590616,2,3
590632,3,2
590753,2,2
590886,1,1
590920,1,1
591540,1,2
591852,3,3
592214,1,1
592221,1,2
592344,3,3
592661,1,2
592899,2,3
593099,0,1
593373,1,2
593556,2,2
593903,1,2
593976,1,1
594033,1,3
594048,1,2
594071,1,1
594161,1,1
594164,3,3
594329,2,2
594950,0,0
595215,1,1
595310,1,3
595396,3,2
595741,2,3
595787,3,2
595876,1,2
595883,2,2
596322,1,0
596359,1,2
596420,3,2
596620,3,2
596759,1,1
597529,1,1
597608,1,1
597779,3,2
597786,1,1
597814,3,3
598103,1,1
598123,3,3
598141,1,1
598283,3,3
598303,2,2
598493,3,3
598536,2,2
599083,1,0
599270,3,3
599651,2,2
599742,3,3
599837,2,2
599877,3,3
600033,1,1
600502,2,2
600554,3,2
600616,3,3
600680,1,2
601418,1,2
601488,1,2
602029,1,2
602185,1,3
602318,0,1
602528,1,1
603224,1,0
603303,0,3
603406,1,2
603490,3,3
603493,3,3
603726,3,2
603961,1,2
604500,1,2
604632,3,3
604671,2,2
604709,1,2
605070,2,2
605118,1,2
605313,3,3
605488,1,1
605676,3,3
605759,1,2
605859,2,2
605876,1,1
606089,3,3
606247,3,3
606757,1,1
606837,2,3
607110,2,3
607483,1,2
607525,2,2
607638,1,3
607767,1,3
607975,1,1
608746,1,2
608775,1,3
608842,1,1
608943,3,2
609242,3,3
609245,1,1
609556,1,1
609655,2,2
609681,3,3
610197,1,2
610537,2,2
610609,3,3
610622,3,3
610828,2,3
611013,1,2
611159,1,1
611235,3,3
611356,3,3
611588,3,2
611790,1,1
611800,1,2
611865,2,2
611982,1,2
612443,2,3
612615,3,3
612717,1,2
612979,3,3
613910,2,2
614471,3,2
614499,3,3
614683,3,3
614791,1,3
614912,3,3
614930,3,2
615183,3,3
616862,3,3
617249,3,3
617850,1,2
617952,2,3
617993,3,2
618033,3,3
618531,3,3
618737,0,0
618825,3,3
618989,1,1
619055,2,2
619851,3,3
619907,1,2
619910,1,1
620676,3,3
621001,2,3
621659,2,3
622246,3,3
622384,2,2
622555,0,2
622597,3,3
622626,1,2
623190,1,3
623223,3,3
623224,3,3
623225,1,1
623276,1,1
623289,1,1
623407,3,3
623586,3,3
623641,1,3
623864,1,1
623937,1,1
623968,1,1
624631,3,3
624891,1,1
625012,3,3
625013,3,3
625283,1,1
625467,1,1
625502,3,2
625555,1,1
625765,2,2
626132,1,1
626151,3,3
626179,1,1
626386,3,3
626546,3,2
626552,3,3
626630,1,3
626799,3,3
627097,1,2
627236,1,1
627295,1,1
627367,3,2
627416,3,3
627453,1,2
627476,1,1
627618,3,1
627695,2,2
628259,2,1
628390,1,1
628437,1,1
628519,1,2
628593,1,3
628631,1,3
628662,3,2
628685,3,3
628733,3,2
629309,1,1
629379,1,3
629703,1,0
629878,2,1
630328,1,2
630354,3,2
630380,1,1
630775,3,3
630858,1,1
630900,1,2
631055,1,1
631240,2,2
631293,3,3
631295,3,3
631336,3,3
631486,3,3
631513,3,2
631603,1,1
631835,1,2
631960,3,3
631998,1,1
632093,1,2
632314,2,2
632473,3,3
632645,1,1
632719,3,2
632795,3,2
632831,2,2
632877,0,1
633237,3,3
633295,2,2
633331,1,2
633409,2,2
633414,2,2
633475,2,3
633525,3,3
633574,1,3
633618,1,2
634035,3,3
634037,1,3
634047,1,2
634305,1,3
634489,3,3
634508,2,2
634646,0,1
634693,3,3
634966,2,1
635071,3,3
635170,2,3
635255,0,1
635418,2,2
635986,3,3
635992,0,0
636243,3,3
636364,1,1
636420,3,3
636451,1,1
636484,1,2
636503,2,3
636590,3,3
636594,0,1
636697,1,3
636712,3,3
636875,1,2
637064,2,3
637075,3,2
637347,2,2
637374,2,3
637473,1,1
637691,1,1
638023,3,3
638051,2,2
638131,2,2
638202,2,2
638243,3,3
638358,3,3
638384,1,1
638657,3,3
639190,3,3
639514,1,1
639766,1,1
640054,3,3
640144,2,2
640178,2,1
640691,3,3
640773,2,3
640836,1,2
640942,0,0
640975,1,1
640982,1,1
641192,3,3
641253,1,2
641305,3,3
641315,1,1
641557,3,3
641609,2,2
641613,3,3
641744,0,0
641845,3,2
641896,1,2
642139,1,2
642222,3,3
642230,3,3
642310,1,1
642443,0,0
642474,0,0
642501,0,0
642625,2,2
642744,3,3
642764,3,2
642785,3,3
642838,1,3
643006,1,0
643021,3,3
643036,1,2
643126,1,1
643199,2,3
643230,3,3
643280,1,1
643285,0,0
643542,3,3
643729,1,0
643758,1,3
644159,3,3
644229,2,3
644310,3,2
644409,1,2
644457,1,3
644474,1,2
644516,3,3
644525,1,1
644567,3,3
644881,3,3
644956,1,1
644964,0,0
645019,3,2
645031,1,1
645054,2,2
645081,1,1
645147,2,2
645219,1,1
645322,3,3
645353,3,3
645425,1,3
645434,1,0
645499,1,2
645512,3,3
645551,1,1
645710,3,3
645738,3,3
645792,0,0
645818,1,0
645850,3,3
645864,1,1
645866,3,2
645906,3,3
645939,1,1
645962,3,2
646006,3,3
646020,3,3
646027,3,3
646077,3,3
646086,3,3
646090,0,1
646314,3,2
646322,1,2
646344,1,3
646359,1,2
646391,3,2
646489,1,1
646589,2,3
646689,3,3
646700,3,3
646755,3,3
646836,2,2
646952,2,2
646957,1,2
647166,1,0
647215,1,1
647218,2,2
647227,2,3
647305,2,3
647318,2,3
647368,3,3
647373,1,0
647464,1,2
647468,3,3
647488,2,1
647565,3,3
647604,2,2
647605,1,0
647612,2,2
647614,3,2
647647,1,3
647824,3,3
647879,1,2
647920,3,3
647937,1,0
647947,3,3
647953,3,3
647968,3,3
648172,1,0
648183,1,0
648237,2,3
648269,1,3
648321,0,1
648419,3,3
648428,1,1
648570,1,2
648597,2,2
648695,2,3
648766,3,3
648833,3,3
648841,1,2
648854,1,3
648880,2,3
648888,3,3
648898,1,0
648920,1,1
648947,3,3
648959,2,3
648966,3,3
649014,1,1
649041,2,3
649078,1,1
649090,1,3
649120,2,2
649214,1,0
649230,3,3
649261,3,3
649321,1,2
649383,2,2
649394,3,3
649413,2,2
649514,1,1
649552,2,2
649614,0,1
649688,1,3
649689,3,3
649745,0,1
649761,3,3
649780,1,1
649819,1,3
649880,0,2
649949,1,2
649963,3,3
650010,0,3
650074,3,3
650091,1,2
650232,2,1
650243,3,3
650271,2,2
650279,1,2
650376,1,1
650414,3,3
650420,1,2
650434,0,0
650442,1,1
650478,1,2
650515,3,2
650642,1,2
650684,0,0
650711,2,2
650829,3,3
650850,2,3
650946,1,2
650947,1,2
650957,1,2
650993,1,2
651048,2,3
651058,2,3
651061,2,3
651120,1,1
651174,3,3
651176,2,2
651267,2,3
651481,3,3
651493,1,1
651495,0,1
651507,2,2
651508,0,3
651561,1,2
651579,1,2
651619,0,0
651627,1,1
651651,3,3
651672,2,2
651728,3,2
651759,0,0
651804,1,3
651942,1,3
651963,3,3
652048,2,2
652103,1,1
652267,2,2
652292,3,3
652293,1,3
652318,0,0
652406,3,3
652428,2,2
652531,3,3
652617,1,2
652619,2,2
652680,0,1
652732,1,0
652881,2,2
652965,0,0
653031,3,2
653051,2,2
653060,3,3
653171,2,3
653296,3,3
653319,1,2
653354,2,3
653412,2,3
653452,1,3
653550,0,0
653569,1,3
653711,1,1
653723,3,3
653729,1,1
653759,3,3
653768,2,2
653770,3,3
653771,3,3
653793,1,0
653914,2,3
653942,3,2
653977,3,3
654091,3,3
654110,1,2
654282,3,2
654341,1,1
654401,2,1
654414,1,1
654443,1,2
654502,3,3
654504,1,2
654807,0,0
654828,3,3
654863,3,3
654880,3,3
654882,3,2
654938,3,3
655039,1,2
655128,1,0
655136,1,3
655254,3,3
655322,3,3
655362,1,3
655585,1,1
655600,1,1
655761,3,3
655806,2,2
655816,1,1
655834,2,2
655910,3,3
655930,3,3
655972,2,3
656009,3,3
656073,3,3
656079,3,3
656115,3,3
656164,2,3
656175,3,3
656183,1,2
656193,2,2
656280,3,2
656393,2,1
656454,1,3
656459,3,3
656496,1,1
656526,0,1
656682,3,3
656766,0,0
656826,2,2
656934,1,2
656987,1,2
657071,2,3
657077,1,0
657161,3,3
657245,1,2
669530,2,2
674193,3,2
674206,3,3
674219,3,3
674277,3,3
674278,2,3
674361,3,3
674388,2,2
674393,3,3
674419,3,3
674437,1,2
674440,2,3
674469,3,3
674651,3,3
674879,0,1
674989,1,3
674997,2,2
675050,3,2
675052,3,3
675062,1,0
675144,2,3
675253,3,3
675256,0,2
675471,3,3
675493,1,2
675516,2,2
675539,1,1
675638,3,3
675656,3,3
675699,2,2
675919,1,1
675945,2,2
675993,1,3
676010,3,3
676087,0,0
676138,2,2
676155,3,3
676204,2,2
676368,3,3
676373,2,3
676498,3,3
676516,1,0
676538,1,2
676553,2,2
676589,1,2
676596,1,2
676642,3,3
676766,3,3
676787,1,1
676807,0,0
676809,2,3
676852,0,2
676865,0,0
676903,1,2
676963,1,1
676964,1,0
677012,3,3
677270,3,2
677316,2,2
677374,3,3
677444,3,3
677449,3,3
677579,2,2
677601,2,3
677606,2,3
677629,2,3
677632,3,3
677832,1,1
677988,3,2
678041,1,1
678058,2,2
678065,2,2
678102,1,1
678219,3,2
678231,3,2
678233,1,1
678240,0,0
678246,3,3
678262,3,3
678382,3,3
678490,1,2
678605,2,2
678737,3,3
678790,1,1
678844,0,1
678941,0,1
679000,3,3
679179,2,3
679234,3,3
679255,3,2
679388,3,3
679395,2,2
679427,3,3
679454,1,1
679525,1,1
679558,3,3
679582,2,2
679760,3,2
679777,1,1
679854,0,1
679897,1,2
680017,1,2
680025,1,3
680087,1,2
680293,3,3
680314,3,3
680331,2,2
680373,3,3
680414,2,3
680431,2,2
680492,1,1
680612,3,3
680626,2,2
680698,3,3
680728,2,2
680733,3,3
680764,3,2
680807,2,3
680812,2,2
680817,1,3
680846,3,3
680973,2,3
680981,3,2
680996,1,1
681059,0,2
681125,3,2
681182,3,3
681210,3,3
681211,1,2
681241,1,1
681356,1,2
681425,1,3
681440,1,1
681495,2,2
681528,2,2
681638,3,3
681695,3,3
681705,2,3
681729,0,0
681746,1,1
681799,0,1
681854,3,2
681872,2,2
681923,2,1
681960,3,3
682018,2,2
682022,1,2
682031,3,3
682117,1,2
682242,2,3
682294,1,1
682299,1,2
682306,1,0
682385,2,3
682541,1,2
682660,1,1
682684,1,1
682692,1,2
682740,1,2
682787,3,3
682813,3,3
682819,2,3
682897,1,3
682968,1,1
683091,0,1
683340,3,3
683396,2,2
683486,3,3
683487,3,3
683648,1,0
683653,1,3
683713,1,1
683718,1,3
684095,1,3
684141,1,2
684215,3,3
684217,1,2
684233,1,2
684241,0,0
684305,2,3
684407,0,1
684441,1,2
684480,0,0
684632,0,1
684663,2,2
684712,3,3
684744,3,3
684854,1,1
684868,3,2
684886,3,3
684887,3,3
684936,2,3
685015,1,1
685033,3,3
685069,3,2
685085,1,2
685123,3,3
685191,0,0
685224,0,1
685294,1,1
685403,3,3
685412,0,2
685458,1,2
685474,3,2
685546,3,3
685611,1,1
685615,1,1
685623,1,2
685639,3,3
685661,3,3
685697,1,3
685843,1,1
685910,2,2
685964,0,0
686003,3,3
686018,1,0
686038,1,1
686078,3,2
686268,2,3
686312,1,1
686313,3,3
686370,1,3
686384,3,3
686399,1,3
686549,2,2
686584,1,2
686766,1,3
686838,2,2
686854,1,2
686871,1,2
687050,2,2
687244,1,2
687384,3,2
687411,0,0
687446,2,2
687600,1,2
687715,3,3
687720,1,3
687765,3,2
687777,3,3
687781,1,1
687792,1,2
687823,1,0
687835,1,3
687861,1,2
687975,0,1
687981,1,2
688128,3,3
688171,3,2
688175,1,2
688213,3,3
688284,3,2
688285,3,3
688437,1,3
688525,2,3
688571,1,2
688592,1,0
688608,1,3
688615,3,3
688656,3,3
688665,2,3
688672,3,3
688722,1,1
688805,3,3
688843,2,2
688849,3,3
688911,1,1
689017,1,0
689038,2,3
689050,1,1
689135,1,1
689143,3,3
689190,1,1
689198,3,3
689231,1,3
689346,3,3
689418,1,3
689527,2,2
689574,1,3
689650,0,3
689759,1,2
689816,3,3
689900,3,3
689921,1,2
689956,1,2
689990,0,1
689999,3,3
690118,3,3
690133,1,3
690168,1,1
690181,3,3
690192,1,0
690225,2,2
690240,3,3
690298,2,2
690365,1,0
690600,3,3
690669,3,2
690711,0,1
690733,0,0
690780,3,3
690783,2,2
690843,3,3
690867,3,2
690882,1,2
690884,2,2
690932,2,2
691008,3,3
691040,3,3
691069,1,3
691088,2,2
691202,1,2
691207,1,2
691212,2,3
691257,3,2
691428,3,2
691444,2,2
691640,3,2
691748,2,3
691761,1,2
691782,1,1
691834,1,3
692426,2,3
692477,1,0
692603,0,3
692652,0,3
692664,3,3
692753,3,3
692850,3,2
693047,3,3
693058,0,0
693061,3,2
693082,3,3
693085,1,0
693145,1,2
693161,3,2
693294,2,3
693310,3,3
693441,1,2
693452,1,1
693468,3,2
693488,1,1
693501,0,1
693565,3,2
693569,1,2
693606,1,1
693863,3,3
693902,0,2
693926,3,3
694006,1,2
694010,1,3
694019,3,2
694147,3,3
694225,3,2
694384,1,2
694634,1,2
694673,2,1
694677,1,2
694698,1,1
694705,3,3
694753,3,3
694802,3,3
694871,1,3
694872,0,0
694976,1,1
695183,0,0
695201,1,2
695270,1,3
695432,1,1
695473,3,3
695503,1,3
695584,3,2
695611,3,2
695643,3,3
695651,1,2
695735,2,2
695739,1,2
695759,1,1
695794,3,3
695799,3,3
695916,1,3
695956,3,2
696072,1,2
696132,2,2
696234,3,2
696265,3,3
696324,3,3
696415,1,1
696430,2,3
696501,3,3
696546,3,2
696789,1,3
696807,3,3
696826,2,2
696937,2,3
697045,0,3
697101,1,3
697283,3,3
697352,2,3
697390,3,3
697433,2,3
697474,1,1
697674,1,1
697705,2,3
697730,3,3
697841,3,3
697948,2,2
698007,3,3
698016,2,2
698252,3,3
698347,2,3
698351,2,2
698399,2,2
699417,1,2
1033968,3,2
1078701,1,0
1082062,0,0
1173473,1,1
1197062,3,3
1209065,3,3
1360878,1,2
1373661,3,3
1380308,1,3
1382719,2,1
1438584,3,2
1442215,3,3
1459010,3,3
1482413,2,2
1484626,3,3
1492408,3,2
1526210,2,3
1589066,1,1
1591864,1,2
1593730,0,1
1601739,3,2
1624025,1,1
1661490,3,1
1667087,0,1
1684787,1,2
1687996,3,2
1723564,1,2
1733160,3,2
1747824,0,3
1757548,1,1
1774297,1,2
1777223,2,2
1782581,2,3
1794309,3,3
1804143,1,2
1808407,3,3
1811098,3,3
1812797,3,3
1822731,2,1
1832492,1,3
1855583,1,1
1871306,3,3
1876461,3,2
1879751,0,0
1881062,1,1
1901764,1,2
1917311,1,1
1925789,0,1
1935155,1,1
1935774,2,3
1986180,1,2
1991049,3,3
1991399,1,1
2001461,1,3
2008795,2,2
2009279,3,2
2014252,3,2
2024838,3,2
2025354,0,0
2025589,1,2
2030241,3,3
2031234,3,3
2032882,1,2
2038885,3,3
2039810,0,1
2043939,0,0
2046628,3,3
2055671,3,3
2057959,0,0
2075945,1,0
2082180,2,2
2098108,2,3
2106468,3,3
2111313,1,1
2134578,1,2
2142243,1,1
2143922,0,2
2150849,3,2
2172709,1,2
2189620,1,3
2196923,1,2
2201235,1,3
2204941,3,2
2205559,3,2
2216442,2,2
2224174,0,1
2226202,1,2
2231512,0,1
2232340,2,2
2235019,2,2
2257853,1,1
2260861,1,1
2269148,3,2
2278095,1,1
2279403,1,1
2285405,1,1
2285527,1,2
2288599,2,2
2290604,1,2
2305237,3,2
2307237,2,2
2310615,1,1
2314761,1,1
2317337,3,2
2328759,3,2
2333244,1,2
2337919,3,3
2338290,1,1
2339789,0,1
2341830,1,1
2345307,3,3
2348143,3,3
2355701,3,3
2357019,1,3
2369962,3,3
2391689,1,3
2396471,1,1
2396643,2,2
2398169,2,3
2400764,2,3
2418277,1,2
2423655,2,2
2432655,1,1
2433216,2,2
2452111,3,3
2459418,2,2
2464683,3,3
2471673,0,3
2471812,3,3
2476409,1,2
2481629,1,2
2482085,3,3
2484726,1,1
2488965,3,3
2494306,1,3
2499525,1,0
2507993,1,1
2509321,1,2
2516939,0,3
2517387,3,3
2524969,3,3
2525964,1,0
2527066,1,0
2533609,3,3
2542116,1,0
2542803,3,2
2544678,2,2
2546595,3,3
2556345,3,2
2558893,3,2
2560520,0,1
2561811,2,2
2570274,1,0
2572145,2,2
2574453,3,3
2588215,2,2
2588655,2,2
2590864,1,2
2595457,2,2
2595526,3,3
2595730,1,2
2599883,3,3
2600000,3,3
2605337,1,0
2612069,2,2
2612342,2,2
2615169,1,2
2615956,2,3
2622441,1,2
2635658,3,3
2636552,2,2
2639205,3,3
2639339,3,3
2641935,1,1
2643240,3,3
2646737,2,3
2648271,3,2
2650337,1,3
2653689,2,3
2654602,3,2
2662152,1,1
2668945,2,2
2672908,3,3
2675393,2,2
2677210,1,1
2678380,1,3
2680988,2,3
2681782,3,3
2684043,1,2
2685863,1,1
2689863,1,3
2698109,3,3
2716795,3,3
25150,1,1
27780,1,1
29639,1,1
29820,1,1
35340,1,1
35508,0,0
64296,2,3
69239,3,3
70537,1,1
83219,1,1
97486,3,3
121574,2,2
128971,1,1
135330,2,2
144745,1,1
148282,2,2
156594,1,1
158831,1,1
165376,1,2
167791,0,1
170936,1,2
171334,3,2
174512,3,3
182400,2,3
185057,1,1
186476,1,1
188260,1,1
188662,1,1
193163,2,2
197730,1,1
198902,2,2
231019,2,2
231339,0,0
234559,1,2
237934,2,2
244166,2,2
244977,0,1
247819,1,1
248818,1,1
250092,2,2
256867,0,1
261042,2,3
266040,3,3
267961,2,2
272103,2,3
274218,1,1
278786,2,2
285170,1,1
289397,1,2
291674,0,0
293670,3,2
293686,0,0
294578,3,3
303774,3,2
308391,3,2
321112,3,3
324257,1,2
329455,0,1
335355,1,1
338854,1,1
339353,3,3
342957,1,1
349069,2,3
350690,2,3
353368,2,2
353953,1,1
359460,3,3
359728,3,2
366424,1,1
368306,1,1
371113,3,2
372812,3,2
380921,1,1
382432,3,3
382910,1,1
383239,1,1
389267,1,1
393488,1,2
404239,2,3
407428,2,3
410810,1,1
411381,2,3
413891,2,2
416689,3,3
417547,1,1
420333,1,1
421111,1,2
422341,3,2
424978,1,2
426316,1,1
426616,1,1
431386,2,2
437971,3,3
441852,1,1
443948,1,1
444197,1,1
444349,2,2
446077,2,2
446295,2,2
447235,0,1
464724,1,1
467144,1,2
469761,1,0
469861,1,0
471018,2,3
474628,1,1
474674,3,3
475497,2,2
478550,1,1
478791,1,0
479607,2,3
480928,3,3
481618,1,0
485920,1,1
486836,1,1
487239,1,1
487494,3,3
488828,2,2
490587,2,3
490662,2,3
491570,3,3
492403,1,1
494427,0,1
494872,2,2
496108,1,1
497047,3,3
497361,2,2
497580,1,1
498261,3,3
502640,3,3
502929,1,1
503872,2,2
504062,1,1
504652,1,1
504728,1,1
505333,2,2
505767,0,1
505855,0,1
510266,0,0
510545,3,3
511199,2,2
511657,2,2
513211,2,2
513672,1,0
515125,2,2
516238,1,1
516728,2,2
518116,2,2
519258,2,2
519589,2,3
520824,3,2
522525,1,1
523061,1,1
524276,2,2
524386,2,2
525332,2,2
526051,0,1
527771,2,3
529304,1,2
531845,2,2
532531,1,2
532570,3,3
536996,3,2
538102,2,2
540509,1,1
541003,1,2
541999,2,2
542050,1,1
542524,1,1
543475,1,1
543924,2,2
543948,1,1
544052,1,1
544295,2,2
546400,3,2
547100,2,2
547685,3,2
548261,2,3
548992,2,2
549401,3,2
550197,2,3
550357,1,1
550812,1,1
551528,3,3
551856,2,3
552067,0,1
553914,3,3
554988,3,3
555022,1,0
555756,0,1
557700,1,1
558122,2,2
558342,3,3
558492,2,2
559518,1,2
559977,2,2
560951,2,3
561271,2,2
561363,1,1
561559,1,1
561774,0,0
562825,1,1
563230,0,0
563902,3,2
565275,3,3
565838,2,2
566337,2,3
566422,1,1
566871,2,2
569342,3,3
569620,2,3
571025,3,3
571128,1,1
571233,2,1
571389,3,3
571789,3,2
571946,3,3
571963,1,1
572249,2,3
573072,3,3
573558,1,1
573665,3,3
574508,1,1
574523,1,2
574580,2,3
574637,1,0
575162,1,1
575473,1,2
575777,1,1
576876,0,0
577245,1,1
577352,2,3
577460,0,2
577562,1,1
577603,3,3
578541,2,1
578634,1,1
578958,1,2
581257,1,1
581269,1,1
581676,1,1
582094,3,2
583968,0,1
584698,2,2
585393,0,0
585397,0,1
585662,1,1
587323,1,2
588274,0,0
588765,1,0
589001,3,3
589033,1,1
589083,3,2
589223,1,1
589260,1,1
589722,3,3
589828,1,2
590699,3,3
591398,0,0
592080,3,2
592372,1,1
592593,1,1
592666,1,1
593123,2,3
593733,0,1
593941,3,3
594131,1,1
594193,2,3
594684,0,1
595100,1,1
595356,3,2
595808,2,2
595992,1,1
596347,1,1
596947,1,1
597909,1,1
599056,1,1
599263,2,2
599341,1,0
599554,1,1
599937,1,2
600181,3,2
600623,0,0
600801,1,1
600814,1,1
600879,3,3
600987,1,1
601043,1,1
601054,1,1
601211,0,0
601248,2,3
601386,1,1
602107,2,2
602150,3,2
602721,0,0
603531,1,3
603791,2,3
603832,1,1
604078,3,3
604172,0,0
604270,1,1
604337,2,2
604490,3,2
604502,1,1
604571,1,1
604665,3,3
604789,1,1
605130,3,3
605136,3,2
605367,1,1
605688,1,1
606025,3,3
606127,2,1
606182,1,1
606290,3,3
606350,2,3
607413,3,3
607570,2,2
607703,3,2
608152,1,1
608694,3,3
609241,3,3
609383,2,0
609450,2,2
609605,3,3
609645,1,1
610234,0,0
610287,3,1
610684,1,1
610718,2,3
610927,3,2
611024,1,1
611407,1,0
611502,0,1
611971,3,2
611999,2,2
612023,2,2
612124,3,3
612127,1,2
612287,3,2
612327,0,0
612397,2,2
612449,1,0
612644,1,1
612673,2,2
612882,2,3
613091,2,2
613116,2,3
613120,3,3
613122,1,1
613133,1,0
613213,0,1
613387,2,3
613501,1,2
613790,3,2
614234,0,1
614245,1,1
614754,1,1
614952,3,2
615112,2,2
615229,1,0
615242,2,2
616386,1,1
616407,3,1
616439,1,1
616700,3,2
616708,2,3
616831,0,1
616927,2,2
616976,3,3
617186,2,2
617309,3,3
617331,3,3
617355,1,1
617365,0,1
617418,2,2
617455,1,2
617531,1,1
617898,3,3
618078,2,2
618514,3,3
618571,1,1
618583,1,1
618606,1,2
618619,3,3
618701,3,3
618768,3,3
618777,1,0
618824,0,1
618982,1,1
619006,3,2
619014,1,2
619292,0,0
619369,3,3
619380,1,1
619503,1,1
619887,3,3
619927,0,0
619928,0,0
620215,1,1
620260,2,3
620369,1,1
620376,3,3
620414,2,1
620434,3,2
620646,1,2
620713,3,3
620716,0,1
620876,2,2
620916,2,1
620918,3,3
620977,3,3
621401,2,3
621414,1,1
621619,3,3
621655,1,1
621853,3,2
621906,2,1
622015,2,2
622037,2,1
622280,2,2
622315,3,3
622368,1,1
622398,3,3
622425,1,1
622609,1,2
622812,0,1
622948,1,1
623079,1,0
623100,1,1
623105,2,2
623111,3,3
623115,2,3
623184,2,2
623250,1,1
623421,1,1
623562,1,0
623609,2,2
623667,1,1
623738,2,1
623780,1,1
623797,1,1
623864,1,1
623940,2,2
624034,3,2
624050,3,2
624092,2,1
624126,3,3
624153,2,3
624266,3,3
624384,3,2
624441,1,0
624469,1,1
624782,1,1
625067,1,1
625121,3,3
625126,1,2
625174,0,1
625207,3,3
625213,2,1
625476,0,2
625527,1,1
625541,1,0
625740,1,2
625774,3,2
625785,3,2
625790,2,1
625841,2,3
625861,1,1
625884,3,3
625901,3,2
625950,3,3
625953,1,1
625975,2,3
626022,3,1
626055,2,3
626183,1,2
626296,1,0
626407,1,1
626444,3,3
626494,2,2
626516,2,1
626519,1,1
626625,1,1
626714,1,1
626749,1,1
626753,1,1
626768,1,1
626772,2,3
626789,3,2
626877,1,2
626906,2,3
626998,3,2
627160,3,3
627168,3,3
627290,2,2
627387,1,1
627390,3,3
627399,0,1
627401,0,0
627450,1,1
627461,2,2
627471,1,1
627500,3,3
627516,1,1
627636,1,1
627711,1,3
627750,1,3
627907,1,1
627961,2,2
628054,3,2
628214,3,2
628300,1,1
628366,3,2
628527,3,2
628677,3,2
628686,3,3
628718,1,3
628777,1,1
628910,1,1
628914,2,2
628938,3,3
628959,1,1
628993,3,3
629081,2,2
629089,2,2
629202,0,1
629234,3,3
629283,3,3
629342,2,1
629421,3,3
629500,2,1
629506,1,1
629601,1,1
629623,3,2
629627,3,2
629628,3,2
629654,1,3
629753,1,0
629765,3,3
629887,3,3
629893,3,3
629906,2,2
630047,1,1
630086,1,1
630120,3,3
630165,1,1
630416,3,2
630449,1,1
630514,3,3
630540,3,3
630573,3,2
630585,2,2
630606,1,1
630635,1,1
630657,2,2
630696,2,2
630722,1,1
630825,2,3
630888,1,1
630900,0,0
630980,3,2
631016,1,1
631051,3,3
631073,0,1
631117,0,1
631334,0,1
631356,1,1
631453,1,1
631509,1,1
631655,1,1
631657,3,3
631807,3,2
632004,0,1
632074,1,1
632083,0,0
632111,0,1
632133,3,3
632135,3,2
632312,3,2
632329,3,2
632376,3,2
632389,0,0
632459,1,1
632641,1,1
632700,1,1
632780,3,3
632800,2,1
632883,1,1
632889,3,3
632904,0,1
632977,1,1
633107,1,1
633259,2,2
633270,1,1
633304,1,2
633310,1,1
633330,2,3
633334,2,2
633395,2,2
633432,2,2
633455,1,1
633511,1,1
633530,3,3
633544,1,1
633605,1,2
633634,1,1
633637,2,2
633695,0,0
633716,1,1
633746,0,0
633859,3,3
633998,1,1
634040,2,3
634083,3,3
634193,1,1
634216,0,0
634241,0,0
634309,1,1
634318,1,0
634433,2,2
634570,0,0
634578,3,3
634600,1,1
634737,2,1
634744,2,2
634817,1,1
634862,2,1
634869,1,1
635041,1,1
635043,0,1
635109,1,1
635515,2,3
996047,1,1
1268772,1,1
1410398,1,1
1457691,1,1
1500950,0,0
1573624,1,1
1618172,1,1
1644328,3,2
1661805,0,0
1663815,2,2
1664171,3,3
1664810,3,3
1683692,3,3
1700371,1,1
1763786,0,0
1780737,2,3
1789319,1,1
1810414,1,1
1828112,2,3
1839181,1,1
1861830,1,1
1863564,3,3
1878160,3,3
1894419,2,3
1908526,2,3
2002664,1,1
2026585,0,1
2064873,1,1
2139273,1,1
2187588,1,2
2188680,3,3
2198914,1,1
2249143,1,1
2295254,3,3
2329539,3,3
2359504,2,2
2364637,1,2
2376512,1,1
2384615,3,3
2388492,3,2
2391004,1,1
2434339,0,0
2455893,1,1
2472178,2,2
2478799,2,2
2492827,1,1
2520067,3,3
2554047,3,3
2567038,0,1
2569912,3,2
2577893,1,1
2595665,1,1
2600862,0,1
2603195,1,1
2613219,2,2
2619011,3,3
2620661,1,1
2632165,1,1
2642697,0,1
2647314,1,1
2662742,2,2
28770,2,2
46048,3,2
47061,1,2
60809,1,1
62034,1,1
67539,1,1
67685,1,1
70827,3,3
76579,1,2
80358,1,1
89545,1,1
108281,1,0
108497,1,1
110789,1,2
121163,3,2
124304,1,1
124711,3,3
126450,1,1
128817,3,3
131776,1,1
134212,1,1
135763,1,2
142092,0,0
158708,1,1
159287,1,1
161781,2,3
162210,0,1
164708,3,3
171843,1,1
173341,2,2
174512,3,3
175940,1,1
177186,3,2
177472,2,3
189117,0,1
190780,1,0
191000,2,2
195252,2,2
195897,1,1
196132,1,1
202606,1,0
231017,1,1
232078,2,2
233335,1,1
233685,1,1
236512,2,3
239908,1,1
241728,0,0
243926,2,3
247653,3,3
250159,1,1
253496,1,2
255449,3,2
269220,1,1
270764,3,3
270988,1,1
274967,1,1
284095,0,1
285934,1,0
286262,1,1
286527,1,2
293321,3,3
296222,0,1
298148,1,1
299707,1,1
302363,3,2
307953,1,1
310968,1,1
316454,3,3
318769,1,1
318855,2,2
322641,3,2
325518,3,3
331622,3,3
332945,1,0
333637,1,2
333976,2,1
336014,3,3
337741,3,3
341010,2,1
342187,2,3
344740,0,0
345256,1,1
345288,1,1
346093,1,1
348288,1,1
355049,1,1
355617,1,1
356735,1,1
360266,0,0
364322,1,1
369713,1,1
369942,0,1
372577,3,3
378825,1,1
381185,0,0
381586,1,1
381983,2,2
382432,3,3
387944,2,2
388252,3,2
390332,3,3
391301,2,2
391572,3,3
396674,1,0
398019,2,2
398413,1,1
401240,1,0
402295,1,1
402906,3,3
404200,1,3
404695,1,1
405125,0,1
407731,1,1
408763,1,1
410587,1,0
410592,1,0
411619,1,1
418035,1,1
418216,0,1
423947,1,0
425053,2,3
425858,2,2
432484,3,2
434347,0,1
434503,3,3
436213,2,2
436900,2,3
441385,2,3
441895,1,1
442359,1,1
443200,1,1
443498,0,1
443701,3,3
444814,3,2
445049,1,2
446397,2,2
447659,3,3
464780,1,2
464957,2,2
465406,1,1
466430,3,3
466508,1,1
466892,1,0
469424,0,1
470461,1,1
472762,0,0
472845,2,2
474290,1,1
476438,1,0
476497,2,3
479987,1,2
480579,1,1
481787,1,1
481884,2,2
482030,1,1
483131,1,1
483858,1,1
490443,3,2
491170,1,2
491664,1,1
494270,1,1
495429,0,1
496530,2,2
500440,3,2
501422,3,2
502004,1,1
502548,1,1
506618,3,3
507967,2,3
509780,0,1
510402,1,1
510435,3,2
515977,0,0
516398,3,3
517094,0,1
520077,0,1
520750,2,3
520824,3,2
521350,2,2
521541,2,2
522645,2,3
523804,2,2
523872,1,1
524431,3,3
525217,1,1
525625,1,3
529287,3,2
529670,1,1
530087,1,1
532579,1,1
532846,2,1
536984,1,1
540219,0,1
542167,3,3
542279,1,1
543931,1,1
544071,3,3
545493,1,2
546400,3,2
547153,1,0
548807,1,1
549922,2,0
550573,1,1
551117,3,3
551182,1,1
551589,3,3
552441,1,0
553753,3,3
554235,2,2
554459,1,2
554999,3,3
555051,3,3
556450,2,2
557229,1,1
558342,3,3
558509,1,1
559113,2,3
560707,1,1
560759,1,2
560881,2,1
560921,1,1
560953,3,3
561208,1,2
561413,0,0
563046,1,1
563321,1,1
563534,3,2
564445,1,1
564562,3,3
564734,1,1
565275,1,1
565952,1,1
566279,1,1
566428,1,3
567681,3,3
567892,2,2
567926,3,3
569372,0,0
569953,1,0
570045,1,0
570273,1,0
570278,3,3
570491,1,0
570954,3,3
572168,3,2
572599,1,1
572659,3,3
573503,3,3
573600,3,3
573922,3,3
574565,2,3
575066,2,1
575411,1,1
575623,0,0
578469,1,1
579052,1,1
579283,0,0
580689,2,2
580798,1,1
581082,1,0
581238,1,1
581851,1,1
581887,1,1
582094,1,0
582340,3,3
583288,3,2
583719,0,0
584514,2,2
584718,2,1
585643,1,1
585769,3,2
585852,1,1
586474,1,1
587008,1,1
587122,2,2
587621,2,1
587793,0,0
588058,3,3
588474,1,1
589856,2,2
590837,1,1
591523,1,0
591761,1,1
592047,1,0
592338,1,1
592843,0,1
592951,3,3
593038,1,1
593896,1,1
594629,1,1
596326,3,3
596423,3,3
596614,3,2
596855,3,2
597166,3,3
597252,3,3
597732,1,1
598573,3,2
599059,2,2
599215,2,2
599429,2,2
600267,3,2
600766,0,0
600898,3,3
601567,2,1
601599,2,2
602150,3,2
602707,1,1
602745,3,2
602830,0,1
603108,1,1
603179,1,1
603700,2,3
604057,0,0
604875,3,2
605125,1,2
605129,1,1
605294,0,0
605541,2,2
605545,2,2
605836,0,0
608488,1,1
608669,2,2
608853,1,2
609605,2,1
610275,1,1
610287,1,2
610373,0,1
610672,1,1
610904,1,1
611162,1,1
611405,0,0
611961,1,0
611971,3,2
612157,2,3
613644,2,2
613953,1,1
614181,1,1
614300,1,1
614737,2,2
615429,3,1
616407,2,2
617309,2,2
617888,1,1
619168,1,1
620343,0,1
620519,1,0
620536,3,2
620782,1,1
621380,1,1
622129,1,0
622315,2,2
622890,3,3
623002,2,3
623467,1,1
623757,3,3
623889,1,1
623989,0,0
624126,2,2
624222,0,1
625288,3,3
625614,1,1
625785,1,1
625797,2,2
626998,1,2
627283,1,1
627312,1,1
627457,3,3
627500,2,3
627935,3,3
628054,1,2
628366,3,2
628480,1,1
628717,3,3
628741,1,1
628766,1,1
629014,1,0
629101,1,1
629400,1,1
629421,3,3
629535,1,1
629642,1,1
629852,3,3
629862,1,1
630105,1,1
630106,1,1
630519,1,1
630541,0,0
631113,1,1
631807,2,2
631888,3,2
632626,0,1
632635,1,2
632950,0,1
633824,0,0
633868,2,3
633914,1,1
633995,2,3
634094,1,1
634367,1,0
634552,1,1
634655,3,3
634721,1,1
634776,1,1
634879,1,0
634940,0,1
634957,3,2
635325,1,1
635552,2,3
635564,1,1
635720,1,1
635953,0,0
636124,0,1
636443,1,1
636467,1,1
636996,1,1
637123,1,0
637292,3,3
637401,1,0
637528,2,3
637601,3,3
637624,1,1
637846,3,2
638018,0,1
638257,2,2
638604,1,1
638970,1,1
639012,1,1
639194,0,1
639232,3,3
639243,2,3
639253,0,1
640109,2,3
640307,2,1
640439,1,2
640443,3,3
640658,3,3
641116,1,0
641195,2,2
641200,0,0
641566,0,0
641569,0,1
641629,2,3
641716,3,3
641817,3,2
641881,2,2
641899,1,1
642066,2,2
642342,0,0
642396,3,3
642512,3,3
642591,0,1
642627,2,3
642656,0,1
642839,2,1
643077,1,0
643118,0,0
643168,1,3
643200,3,3
643267,1,1
643269,3,3
643270,1,1
643309,3,2
643404,2,3
643416,2,1
643434,1,2
643457,1,1
643481,2,1
643484,1,1
643510,1,1
643514,0,0
643531,1,0
643644,2,3
643705,1,0
643755,3,3
643770,2,1
643771,0,1
644064,3,3
644072,2,1
644113,0,0
644163,3,2
644246,0,1
644480,1,1
644514,1,1
644742,1,1
644794,1,1
644905,3,3
645045,3,3
645126,0,0
645151,3,3
645170,1,1
645319,1,1
645451,1,1
645462,3,3
645481,3,3
645542,1,1
645557,3,2
645831,0,1
645847,3,2
645867,3,3
645889,1,2
646005,0,1
646040,1,1
646070,1,0
646071,1,2
646097,3,2
646109,3,3
646184,1,1
646197,0,1
646218,3,3
646361,1,0
646363,2,2
646459,3,2
646502,1,1
646520,1,1
646547,2,2
646581,2,2
646722,3,3
646747,3,3
646815,2,1
646841,2,2
646903,1,1
646998,1,0
647043,2,1
647083,1,2
647148,1,1
647179,2,2
647184,3,3
647217,3,2
647358,2,2
647405,3,3
647432,3,2
647466,1,1
647518,3,3
647645,1,1
647791,3,2
647865,1,2
647887,3,3
647888,0,1
647916,1,1
647919,1,1
647983,1,2
647988,1,1
648001,0,1
648058,3,2
648090,1,0
648091,1,1
648136,1,1
648250,3,3
648285,0,1
648354,1,1
648369,1,0
648370,1,1
648422,1,1
648429,3,3
648436,1,1
648440,3,3
648469,0,0
648518,2,3
648652,3,3
648654,1,2
648687,0,1
648787,1,0
648834,3,2
648843,1,1
648852,3,3
648902,1,1
648942,1,2
649001,3,2
649069,1,0
649171,1,1
649200,3,3
649215,2,1
649230,3,3
649248,3,3
649255,0,0
649310,2,3
649332,3,3
649339,0,0
649343,1,1
649506,2,3
649637,0,1
649667,1,1
649701,3,3
649713,0,0
649718,0,1
649720,3,3
649738,1,1
649755,3,3
649783,3,3
649840,3,3
649843,1,1
649861,3,3
649863,3,3
649935,2,2
649943,1,1
650027,0,1
650105,2,2
650137,3,3
650145,2,2
650164,1,1
650192,3,2
650223,3,3
650330,0,1
650334,3,3
650341,1,3
650384,3,2
650471,1,0
650504,0,1
650533,1,1
650575,2,0
650578,3,2
650592,1,1
650666,0,1
650734,1,1
650752,2,2
650770,0,1
650816,1,1
650849,3,2
650856,0,0
650926,1,1
650927,0,0
650950,2,2
650987,1,2
651015,1,1
651086,3,3
651155,0,1
651156,3,3
651191,3,3
651245,1,0
651298,3,3
651337,1,1
651361,3,3
651371,3,3
651384,3,3
651533,0,0
651534,1,0
651616,3,3
651635,1,1
651648,1,1
651734,2,3
651766,1,1
651828,0,0
651839,3,3
651850,1,1
651915,3,2
651930,0,1
651933,1,0
651935,1,1
651950,1,1
651995,0,0
652054,1,1
652233,3,3
652285,0,1
652287,3,3
652302,1,0
652442,2,3
652460,1,1
652476,1,1
652501,1,1
652571,3,3
652606,3,3
652667,3,3
652861,1,2
652880,1,1
652894,2,2
652902,0,0
652971,0,1
653090,2,2
653168,3,3
653177,3,2
653210,1,1
653248,3,1
653326,2,2
653352,1,1
653360,3,3
653440,1,1
653506,2,2
653587,0,1
653608,2,3
653661,2,2
653665,1,1
653688,1,1
653718,0,1
653801,1,1
653887,1,1
653998,1,2
654031,1,1
654095,2,3
654125,2,2
654198,1,1
654202,3,3
654213,1,1
654240,0,0
654295,3,3
654325,3,2
654397,1,1
654464,3,2
654485,1,1
654547,1,1
654570,3,3
654579,3,3
654668,1,1
654676,1,1
654755,3,2
654801,1,0
654822,1,1
654876,3,2
654888,3,3
654891,1,1
654925,2,2
654933,3,3
655051,3,3
655242,0,1
655383,3,3
655396,1,1
655468,2,2
655484,3,3
655498,0,0
655558,3,3
655609,1,1
655634,3,3
655680,0,0
655764,1,0
655794,0,0
655865,1,1
655869,0,1
655924,0,1
655973,1,1
656010,1,1
656057,1,1
656068,2,3
656134,0,1
656203,3,3
656347,1,1
656446,1,1
656535,3,3
656553,2,2
656578,1,1
656815,1,1
656825,3,3
656854,1,1
656906,2,3
656928,3,3
656929,2,3
656954,3,3
657002,0,0
657062,1,1
657091,3,2
657128,1,1
657194,0,1
657196,0,1
657209,3,3
657210,2,3
657226,1,2
657319,1,1
674253,1,1
674296,3,2
674430,1,3
674457,2,2
674720,2,2
674747,2,1
674808,1,1
674853,1,1
674882,2,2
674888,3,2
674889,1,1
674941,0,0
674965,3,3
675104,3,3
675162,1,2
675337,3,3
675365,1,1
675374,1,1
675391,3,2
675441,2,3
675442,2,3
675450,0,0
675495,3,2
675537,1,1
675663,2,1
675773,1,1
675840,1,1
675853,3,3
675972,3,3
676025,3,2
676084,1,1
676150,2,2
676181,3,3
676333,0,0
676482,0,1
676611,1,1
676676,1,1
676722,0,1
676724,1,1
676805,1,1
676812,2,2
676834,1,0
677018,1,1
677040,1,1
677049,2,2
677189,1,1
677197,2,3
677232,2,2
677250,3,3
677416,3,3
677457,1,1
677459,1,1
677507,3,3
677631,3,2
677711,2,2
677721,3,3
677741,1,0
677772,3,3
677776,3,3
677897,1,1
677900,0,1
677947,2,2
678015,1,1
678026,1,1
678194,0,0
678267,1,1
678310,3,3
678341,0,0
678393,2,3
678419,1,1
678508,0,1
678538,1,1
678613,3,2
678701,1,1
678715,1,1
678811,3,3
678852,3,2
678860,3,2
678929,0,1
678970,1,0
679037,3,3
679114,1,1
679207,1,1
679431,3,3
679539,3,3
679541,1,1
679569,0,1
679631,1,1
679801,1,1
679883,3,3
680074,3,3
680133,0,1
680267,1,1
680333,3,3
680442,3,2
680483,1,1
680563,3,2
680614,3,3
680644,1,0
680678,3,2
680765,1,1
680804,1,1
680829,3,3
680894,1,1
681001,0,0
681095,3,2
681200,1,1
681302,1,2
681327,1,1
681369,0,1
681379,2,3
681416,1,1
681759,3,2
681852,3,3
681861,3,3
682041,3,3
682217,3,2
682239,1,1
682259,1,2
682319,3,3
682355,1,1
682414,3,3
682554,3,3
682575,3,3
682673,3,3
682717,2,2
682758,2,2
683079,1,1
683170,2,3
683246,2,3
683270,1,1
683492,2,1
683640,3,3
683728,1,1
684050,0,0
684064,1,1
684225,1,1
684357,0,0
684473,3,3
684498,3,3
684504,1,1
684511,1,1
684532,1,1
684567,1,1
684610,1,1
684617,2,3
684669,1,1
684825,1,1
684905,0,1
684907,1,1
684944,2,2
684967,2,1
685060,1,1
685152,1,1
685176,2,3
685199,1,1
685236,3,2
685284,1,1
685287,1,1
685292,1,1
685370,1,1
685487,0,1
685499,0,0
685517,0,1
685557,2,2
685668,1,0
685750,3,3
685804,2,2
685913,3,3
685950,1,1
685991,3,3
686051,1,1
686058,0,0
686110,1,1
686287,2,2
686339,3,2
686365,2,2
686447,1,1
686462,3,2
686476,1,2
686525,1,1
686564,0,0
686593,0,1
686708,1,1
686753,1,1
686872,0,0
686877,3,3
686913,1,2
687023,1,1
687194,2,1
687242,1,1
687283,3,3
687310,2,3
687367,3,3
687370,1,1
687498,3,2
687563,1,0
687574,1,1
687757,1,1
687766,1,1
687772,0,0
687844,1,0
687945,0,1
687953,3,3
688118,1,1
688133,0,0
688287,1,2
688310,1,1
688404,3,2
688451,0,0
688662,0,0
688683,2,3
688742,1,1
688763,3,2
688870,2,1
688924,1,1
688942,3,3
688974,2,2
689161,1,1
689217,1,1
689250,0,0
689288,1,1
689309,2,2
689370,1,1
689389,1,1
689618,3,2
689763,2,2
689786,3,2
689807,3,3
689840,1,0
689944,3,2
689983,0,1
690016,1,1
690095,0,0
690241,0,1
690298,2,3
690370,1,1
690406,3,3
690439,2,3
690470,3,2
690507,1,1
690525,1,1
690553,1,1
690586,1,1
690724,1,1
690736,2,2
690763,3,2
690917,0,1
691078,1,1
691189,1,1
691218,1,1
691248,2,2
691536,1,1
691701,2,1
691790,1,1
691875,1,1
691978,3,2
692012,2,2
692354,1,2
692534,1,1
692646,1,1
692723,3,3
692924,0,1
692928,1,1
692991,1,1
693069,1,1
693111,3,3
693147,3,3
693221,0,1
693235,1,1
693308,1,2
693416,1,1
693478,1,2
693640,1,1
693910,1,1
693959,1,1
694081,3,3
694106,3,3
694132,1,1
694152,1,1
694218,1,1
694246,1,1
694304,3,2
694361,1,1
694457,2,2
694548,3,3
694571,1,1
694579,1,0
694589,1,1
694658,3,3
694680,1,1
694684,2,2
694735,3,3
694779,1,1
694854,1,1
695094,3,2
695122,0,1
695435,1,1
695638,2,2
695644,0,1
695653,1,1
695668,0,1
695760,3,3
695855,1,1
695919,1,1
695921,2,2
695932,2,2
695944,1,1
696044,2,2
696128,1,1
696192,1,1
696325,2,2
696361,1,0
696464,3,2
696485,1,2
696577,1,1
696796,3,3
696930,3,2
697041,1,0
697113,2,1
697120,3,3
697253,1,1
697460,2,2
697461,0,1
697482,2,3
697658,0,0
697781,1,1
698011,1,1
698024,2,3
698092,2,2
698300,1,1
698355,0,0
698413,1,1
698417,1,1
698598,3,2
698717,2,2
699038,3,2
699049,3,2
699050,3,2
699134,0,0
699135,2,2
699136,2,3
699138,2,3
699140,2,2
699141,2,2
699142,2,2
699170,2,1
699440,0,1
1040037,3,2
1334225,0,1
1354095,1,1
1429504,1,1
1483814,0,1
1490624,0,1
1497822,1,1
1664171,2,2
1674799,0,0
1679610,0,1
1797068,1,1
1841850,3,3
1878648,1,1
1895288,0,1
1895399,3,3
1910737,1,2
1943214,3,3
1953275,3,3
2004220,1,2
2024200,2,2
2050998,3,3
2065756,1,1
2067969,1,1
2072671,2,3
2080916,3,2
2137785,1,2
2151019,2,3
2173643,1,1
2192061,0,0
2204389,1,0
2211797,1,1
2221654,1,1
2229389,1,1
2230251,1,2
2242383,3,3
2257400,1,1
2258124,0,1
2259662,1,1
2281441,1,0
2286544,1,1
2289071,1,1
2290886,1,1
2297016,1,0
2338535,2,2
2340230,3,3
2352407,1,1
2355274,1,1
2372573,3,3
2391303,2,2
2395505,3,3
2410632,2,3
2427886,2,1
2436584,2,2
2437591,0,0
2442423,1,2
2443165,3,3
2453691,0,1
2464118,1,1
2484189,3,2
2498614,3,3
2501127,3,2
2533383,1,1
2535666,1,1
2538792,1,1
2542182,1,1
2550960,1,1
2566474,3,3
2579558,3,3
2592973,1,0
2599179,1,0
2612725,3,3
2622627,1,1
2626779,1,1
2627992,1,1
2631935,3,3
2637000,2,3
2639115,1,1
2644404,1,1
2654928,1,1
2663195,1,1
2681277,3,2
2686053,0,0
2686712,2,3
26211,1,0
26269,3,3
27189,2,2
27683,1,1
28808,2,2
28897,0,1
30531,2,3
33600,3,3
34293,3,3
36347,1,1
39882,1,1
41489,2,3
42746,0,0
46148,1,1
48635,1,0
53136,1,1
53709,1,1
54867,2,3
58221,3,3
63958,2,3
67986,3,3
72114,1,1
74521,1,1
74524,2,2
77845,2,2
77998,1,1
79683,3,2
81216,3,3
82201,3,3
83603,1,1
84299,1,1
85874,3,3
99670,2,3
101634,2,2
104316,2,1
106747,3,3
108207,1,1
108822,0,0
108949,3,2
110529,3,2
115875,3,3
116174,3,3
116621,0,0
117510,1,0
117550,2,3
124018,3,3
128132,1,1
128968,1,1
130992,1,1
131538,1,1
132157,1,1
132477,1,1
133104,1,1
133322,2,2
134847,1,1
134851,1,1
136054,1,1
136944,3,2
140108,2,3
141430,1,1
150121,2,3
152626,1,1
153611,2,1
155158,1,1
156788,3,3
160262,2,3
160472,2,2
163332,2,2
163962,3,2
167106,1,2
174155,3,3
178179,1,1
179081,2,1
181719,3,3
183429,2,1
190418,0,0
190829,3,3
190930,1,1
191590,1,1
193803,3,3
195515,1,1
195552,3,3
197097,3,3
197538,3,2
203568,2,2
227297,1,1
228138,1,1
228258,2,1
228729,1,0
232286,1,1
234796,1,1
237182,2,1
237370,3,2
239345,1,1
242254,2,1
242998,1,1
244961,1,1
247714,3,3
247940,2,2
251375,1,1
255878,1,1
256740,1,1
257104,3,2
258737,1,1
260062,1,1
261265,1,1
264298,3,3
266536,1,1
268649,3,1
268845,3,3
269730,1,1
271702,3,3
272701,2,2
276265,3,3
277577,1,1
278155,0,1
279755,1,1
282806,2,2
286484,3,2
289180,3,3
293454,2,2
295741,1,1
296904,1,1
297014,1,1
301128,3,3
302363,3,3
304500,2,2
305876,1,1
305918,2,2
313243,1,1
313756,1,1
315025,1,0
315850,1,1
316327,2,3
316772,3,3
317394,0,1
318068,1,1
319042,1,1
321096,1,1
323688,3,3
324948,1,1
325089,1,2
326995,3,3
327616,1,1
328797,3,3
329895,3,2
330669,3,3
331107,2,2
332237,3,3
334224,3,3
335996,3,3
336163,2,3
337615,2,2
337940,3,2
338958,2,1
339728,1,1
339824,0,1
339855,3,3
341044,2,2
342089,2,3
342125,1,1
342234,1,1
342303,3,2
344409,1,1
344451,1,1
345442,2,2
345455,2,3
347257,3,3
348378,2,3
348855,1,1
351181,1,1
353979,2,2
354552,3,3
354988,3,2
356371,1,1
356535,3,3
362661,1,1
365860,1,1
367510,3,2
367898,1,1
368675,1,1
371168,0,0
378809,1,1
379042,0,1
379107,2,2
379769,2,2
381365,2,2
382857,2,2
383778,2,3
383921,2,1
385547,3,3
388697,1,1
389759,2,1
389773,2,2
391114,1,1
392207,2,0
395188,2,2
395758,3,2
395814,2,2
398357,3,3
398439,1,1
399863,2,3
400252,1,1
402200,3,3
402449,2,1
402502,0,0
402806,1,2
404170,1,1
405192,1,1
405775,1,1
405963,3,2
406116,3,3
407500,1,1
408105,2,2
408353,1,2
409651,1,0
409949,2,2
410199,1,1
410666,2,2
411939,2,2
412387,3,3
412695,1,1
413200,1,1
414258,1,2
416302,1,1
417184,1,1
417805,2,3
418218,1,2
419284,1,1
420042,1,1
421179,2,3
421989,3,3
422250,2,2
422530,1,1
422626,1,1
422697,0,1
423648,2,2
425332,2,2
426782,3,3
427276,3,3
427485,3,2
428068,2,2
429015,1,1
430516,2,3
430625,3,2
431987,0,1
435446,1,1
436481,1,2
436590,1,1
437303,3,3
437529,3,3
438796,1,1
439433,1,1
439633,1,1
439896,3,2
440559,1,1
441073,2,3
442753,3,2
442819,3,3
443007,1,1
444574,2,2
444718,2,2
445605,3,3
445818,2,3
445947,2,1
447036,3,3
465175,1,1
465421,1,1
466347,2,1
466576,2,1
467582,1,1
468730,2,2
469977,1,1
470619,1,1
472120,1,2
472341,2,3
472810,2,2
474677,2,2
475811,1,1
476912,2,2
477069,2,3
477588,1,1
477812,0,1
477833,3,2
478073,1,1
479061,0,1
480531,3,3
481210,2,3
482445,2,3
482843,1,1
483195,3,3
483389,1,1
483975,1,1
484075,1,1
484223,1,1
484292,3,3
484675,3,2
485312,1,1
485780,1,1
487168,2,1
487314,0,1
488386,2,1
488524,1,1
488758,2,2
489137,1,1
490154,2,2
491011,1,1
491486,3,3
491548,2,2
492088,1,1
493760,0,1
494433,1,1
494495,3,3
494818,1,1
495580,2,3
495618,3,3
496590,2,2
498006,1,1
498266,0,1
498636,2,2
498828,2,1
499244,3,3
499404,3,3
499813,0,1
501302,2,3
501421,2,2
502150,3,2
502501,2,1
502993,1,1
503024,3,3
503154,1,1
503183,1,1
504583,3,2
504700,3,3
505017,1,2
505131,3,1
505826,3,2
505900,3,3
506038,0,1
506674,2,2
507577,3,3
509292,3,1
509407,2,2
509866,2,2
510142,2,2
510420,1,1
510693,2,2
511350,3,2
511912,0,0
512236,2,2
513701,1,1
513796,3,3
515965,2,2
516634,1,1
516770,1,1
516894,2,3
517274,1,1
517277,1,1
518210,1,1
518359,0,0
521032,3,3
521073,3,3
521377,2,2
524296,2,1
524379,3,3
525874,2,3
526303,1,1
526821,1,1
527744,3,2
528538,3,3
528713,2,2
529390,3,3
529458,3,3
530196,3,3
532062,3,2
532413,1,1
532575,2,3
533140,3,2
533141,2,2
533198,3,2
533217,1,1
534318,3,3
535460,3,3
536636,2,1
536711,3,3
537322,3,3
537703,0,0
537938,1,1
539401,3,2
539444,1,1
539922,1,1
540909,3,3
541281,3,3
541327,2,2
541478,3,3
542287,1,1
542557,0,0
543686,1,1
543785,3,3
544108,1,1
544140,2,2
544271,0,1
544276,3,3
544593,2,1
545119,1,2
545637,1,1
545741,1,1
546071,1,1
546394,3,2
546627,1,1
546961,1,1
547128,1,1
547413,2,2
547506,1,1
547569,2,3
547680,0,1
547884,2,2
548332,3,3
548424,1,1
548573,3,3
548926,2,2
549792,2,1
550003,2,2
550038,1,1
550097,1,1
550246,2,2
550498,2,2
550903,0,0
550925,1,1
551636,3,3
552284,1,1
552395,2,1
552648,1,1
553032,3,2
553160,2,2
554597,3,3
554881,1,1
555691,3,3
555929,1,1
556052,3,3
556126,3,2
556140,1,1
556492,2,1
557141,3,3
557469,1,1
557650,1,1
557708,2,2
557894,3,3
558105,1,1
558121,1,1
558244,2,2
558284,3,3
558404,3,2
559449,2,2
559876,0,0
560168,2,2
560399,1,1
560496,1,1
560595,3,2
560685,2,3
561009,1,1
561215,3,3
561796,3,3
561799,2,3
562064,3,3
562917,3,3
563813,3,3
563823,1,1
564632,2,1
565109,0,1
565257,3,3
565348,3,3
565373,1,1
565469,3,2
565526,3,3
566460,2,2
567168,3,3
567629,1,1
567681,3,2
567859,2,2
567873,0,1
568954,1,1
569065,1,1
569556,3,3
569729,2,3
569783,3,2
570264,2,1
571050,1,1
571190,1,1
571316,0,1
571612,3,2
571815,2,2
571844,1,1
571962,1,1
572154,1,1
572367,2,1
572395,3,2
572716,1,1
572804,3,2
572832,1,1
572870,0,0
572952,3,3
573549,1,1
574028,1,1
574605,2,3
574663,3,2
574671,1,1
574815,3,2
575855,3,3
576159,0,1
576557,3,3
577142,3,3
577600,2,3
577679,3,3
577795,3,3
578022,2,3
578258,2,3
578754,1,1
578764,1,1
579081,0,0
579376,1,1
580425,3,2
581065,3,2
581520,2,1
581598,1,1
581772,3,3
582553,2,2
582629,2,3
583056,3,3
583138,3,3
584184,1,1
584571,2,3
584842,1,1
584843,3,3
584884,3,2
584990,2,2
585454,0,1
585921,0,1
586351,3,3
586506,2,3
586543,2,2
586592,1,1
586917,1,1
587195,3,2
587248,3,3
587600,1,1
587696,2,3
588107,3,2
588145,1,1
588436,2,2
588913,3,2
589016,1,0
589029,1,2
589449,0,1
589454,1,1
589469,3,2
589548,1,1
589565,0,0
589798,3,2
590018,1,1
590508,1,1
590543,3,2
590548,3,2
590604,2,3
590970,1,1
591111,2,1
591132,2,3
591318,3,3
591550,2,1
591946,3,3
592422,2,3
592632,2,2
592766,1,1
592939,3,1
593004,3,3
593206,3,2
593220,3,2
593563,3,3
593617,3,2
594122,3,3
594136,0,1
594258,3,2
594374,2,1
594636,3,2
594909,1,1
595186,2,2
595428,2,2
595481,3,3
595895,2,3
595935,1,1
595978,2,1
596243,3,3
596482,1,1
596601,1,2
596637,3,3
596663,3,2
596699,2,1
596953,3,3
597234,1,1
597359,3,2
597378,3,2
597386,3,2
597426,2,2
597495,2,3
597662,1,1
597761,3,3
598113,1,2
598300,2,2
598353,2,2
598362,3,3
598571,0,0
598642,1,1
598713,1,1
599048,1,2
599105,3,3
599117,2,2
599398,1,1
599740,1,1
599812,2,2
600292,1,1
600388,0,0
600397,2,3
600702,1,1
600893,3,2
601155,3,2
601266,3,3
601345,2,2
601375,1,1
601435,3,3
601560,2,2
601649,3,3
601678,3,3
601735,1,1
602571,3,3
602672,2,2
602681,1,1
602818,2,1
602854,1,0
602862,1,1
603111,1,1
603163,1,1
603319,3,3
603483,3,2
603539,1,1
603694,2,1
603848,2,2
603972,3,2
604174,1,1
604234,2,2
604293,2,1
604326,2,3
604338,1,1
604614,3,3
604678,3,3
604698,1,1
604946,3,3
604969,3,2
605228,3,3
605312,1,1
605370,2,3
605475,1,1
605493,1,1
605522,2,2
606300,3,3
606407,2,3
606713,1,1
606870,1,1
606911,3,3
606935,2,3
606967,2,2
606976,1,1
606977,1,1
607453,1,1
607702,2,2
607896,1,1
607899,2,1
608111,2,2
608173,3,3
608618,3,3
608727,3,2
608864,2,2
608891,0,0
609171,2,2
609347,3,2
609868,2,2
609891,1,1
610094,1,1
610267,3,2
610272,1,1
610273,1,1
610771,1,1
610775,1,1
610778,3,2
610992,1,1
611185,1,1
611245,3,2
611350,1,1
611427,2,3
611517,2,2
611542,0,1
611581,3,3
611595,1,1
611635,1,1
611714,2,2
611763,1,1
611798,2,2
611813,0,1
611855,2,3
611905,3,2
612248,1,1
612254,3,3
612338,3,3
612506,2,3
612528,1,1
612530,0,0
612535,0,1
612538,0,1
612539,1,1
612540,0,0
612542,1,1
612543,1,1
612545,0,1
612547,0,1
612549,1,1
612598,2,3
612607,2,2
612638,3,2
612740,2,1
612743,2,3
612880,3,2
612982,2,1
613013,2,2
613106,3,3
613146,3,3
613152,2,3
613226,3,2
613255,1,1
613281,2,3
613417,2,3
613447,2,2
613459,2,3
613461,1,1
613464,1,1
613574,2,2
613593,2,1
613630,1,1
613676,3,2
613677,2,3
613717,3,3
613775,3,3
613865,1,1
613900,1,2
613928,2,1
613952,1,1
614059,3,3
614083,2,2
614163,1,0
614172,3,3
614181,0,1
614381,3,2
614599,2,2
614661,3,3
614730,3,2
614733,2,2
614764,1,1
614801,2,2
614812,2,1
614887,1,1
614907,3,3
614973,2,2
614984,3,2
614994,2,2
615225,1,1
615241,1,1
615426,3,2
615429,3,3
615439,1,1
616383,0,0
616453,2,3
616557,3,3
616613,3,3
616646,1,1
616688,0,0
616789,1,1
616794,2,2
616909,2,2
616913,1,1
617010,3,2
617014,1,1
617015,3,3
617018,2,1
617053,2,3
617130,3,2
617201,1,1
617212,3,3
617255,3,3
617307,3,3
617318,1,1
617343,3,3
617358,3,3
617382,1,1
617406,3,2
617437,3,3
617534,1,1
617535,2,2
617540,2,3
617543,3,3
617557,3,3
617564,2,2
617638,3,2
617647,3,3
617678,1,1
617734,1,1
617740,1,1
617751,1,1
617805,1,1
617824,3,3
617829,1,1
617847,3,3
617868,1,1
617945,2,3
617965,1,1
617976,1,1
617998,1,1
618004,1,0
618005,1,1
618015,1,1
618124,3,2
618216,1,1
618279,2,2
618280,1,0
618293,1,1
618390,2,1
618397,1,1
618412,1,1
618513,1,1
618519,1,1
618590,1,1
618642,3,3
618662,3,1
618665,2,1
618667,2,2
618684,3,3
618744,3,3
618843,3,3
618848,3,3
618875,1,1
618903,3,2
618914,1,0
618925,2,3
618942,3,3
619001,3,2
619112,3,3
619118,2,3
619204,3,3
619205,3,3
619341,1,1
619410,1,1
619461,0,0
619887,3,3
619921,3,2
619974,3,2
620004,3,3
620081,1,1
620112,3,3
620200,1,1
620277,2,1
620320,2,2
620337,3,3
620356,3,3
620364,3,3
620399,2,2
620423,2,2
620430,3,3
620473,1,1
620498,2,3
620801,1,1
620819,1,1
620933,2,2
621345,1,1
621370,2,2
621433,2,1
621436,1,1
621441,1,1
621464,2,2
621475,1,1
621531,1,1
621580,1,2
621675,3,3
621682,2,3
621690,2,2
621696,1,1
621698,2,3
621722,1,1
621741,2,3
621881,1,1
621909,3,3
621952,1,1
621971,1,1
621990,3,3
621998,1,1
622038,3,3
622096,0,1
622130,2,2
622164,3,3
622218,3,3
622239,3,3
622278,1,1
622374,0,0
622392,2,2
622430,2,1
622442,1,1
622639,3,1
622686,0,1
622701,1,1
622859,1,1
622894,3,3
622897,3,3
622899,3,3
622918,3,2
622935,1,1
622976,1,1
623138,2,2
623180,1,1
623232,3,3
623263,2,2
623314,0,0
623326,3,3
623352,3,3
623366,3,3
623419,2,2
623433,1,1
623438,1,1
623456,2,3
623474,2,2
623496,2,1
623537,1,1
623542,2,3
623554,2,2
623568,3,3
623579,1,1
623687,1,1
623786,2,2
623917,3,3
623924,0,1
623939,3,3
623948,1,1
624014,2,1
624056,3,3
624152,2,1
624178,1,1
624187,3,3
624197,1,1
624243,3,3
624259,2,3
624344,1,1
624376,3,3
624499,2,1
624556,2,2
624586,1,1
624591,1,1
624718,3,2
624751,1,1
624763,1,1
624772,3,3
624773,1,1
624946,1,1
624959,3,3
624967,3,2
624975,3,2
624981,1,1
625004,2,2
625034,3,3
625043,3,3
625073,2,3
625075,2,1
625182,3,3
625191,0,0
625229,3,3
625291,1,1
625303,1,1
625306,1,1
625341,3,3
625349,1,1
625361,2,2
625373,3,3
625394,2,2
625406,1,1
625500,2,2
625536,1,1
625548,1,1
625566,0,1
625588,1,1
625609,3,3
625642,2,3
625667,3,2
625753,0,0
625793,3,2
625794,1,1
625800,3,3
625812,3,3
625828,3,3
625885,3,3
625903,3,3
625977,2,1
625986,3,3
625995,2,2
626047,3,3
626103,1,1
626128,0,1
626174,3,3
626198,1,1
626231,1,1
626259,1,1
626281,3,3
626320,3,3
626326,0,1
626349,3,2
626403,3,2
626419,0,0
626422,3,3
626448,0,0
626469,2,2
626473,2,2
626530,2,2
626537,1,1
626539,3,3
626644,1,1
626692,3,2
626700,3,3
626765,1,1
626777,3,2
626778,1,1
626801,2,3
626828,1,1
626875,3,3
626878,1,1
626881,1,1
626890,1,1
626987,1,1
627022,1,1
627026,3,3
627061,1,1
627067,0,1
627126,2,2
627145,1,1
627176,2,2
627238,3,3
627247,0,0
627280,3,2
627307,1,1
627333,3,3
627366,3,2
627379,3,3
627383,3,3
627395,3,3
627417,0,0
627442,1,1
627468,1,1
627521,0,1
627522,3,3
627524,3,2
627569,2,3
627595,1,1
627620,0,1
627622,1,1
627651,3,3
627679,0,1
627692,0,1
627717,0,0
627727,3,2
627751,3,2
627808,3,3
627840,3,3
627847,3,2
627860,1,1
627886,1,1
628004,1,1
628010,3,3
628034,1,1
628038,2,3
628058,1,1
628098,1,1
628110,2,2
628114,1,1
628117,1,1
628140,1,1
628141,2,2
628143,2,1
628152,1,1
628174,1,1
628296,3,3
628307,2,1
628323,3,3
628361,0,1
628370,2,2
628443,1,1
628476,3,1
628561,1,1
628666,3,3
628720,1,1
628725,2,2
628736,3,3
628803,2,1
628837,2,2
628841,1,1
628846,3,1
628925,2,1
628972,1,1
628978,2,2
628995,1,1
629022,1,1
629096,1,1
629119,2,3
629120,2,2
629163,3,3
629182,3,3
629228,3,3
629231,3,3
629244,1,1
629267,2,1
629291,1,0
629303,1,1
629386,2,3
629404,3,3
629414,1,1
629459,3,3
629522,3,3
629540,1,1
629541,1,1
629543,3,3
629603,1,1
629613,2,3
629655,2,3
629692,1,1
629693,1,1
629735,3,3
629739,1,1
629762,3,2
629767,2,2
629867,2,2
629873,0,0
629879,2,2
629881,1,1
629918,2,3
629928,3,3
629938,1,1
629993,2,2
630013,1,1
630015,0,1
630032,3,3
630038,2,3
630045,1,1
630083,1,1
630129,3,2
630168,3,3
630177,0,1
630264,1,1
630269,3,3
630326,1,1
630426,2,2
630435,2,3
630452,1,1
630479,1,1
630488,1,1
630491,3,2
630574,3,3
630634,1,2
630653,1,1
630654,2,1
630655,1,1
630671,1,1
630734,1,1
630748,3,3
630759,2,2
630782,3,3
630804,3,2
630812,3,3
630830,1,1
630854,1,1
630859,1,1
630867,2,3
630868,3,3
630870,3,3
630891,2,2
630912,1,1
630924,1,1
630937,0,1
630950,3,3
630966,1,1
631023,1,1
631075,3,3
631083,2,3
631099,2,2
631104,1,1
631111,2,2
631135,2,3
631195,3,3
631235,1,1
631247,1,0
631300,2,1
631311,1,1
631327,1,1
631365,3,3
631467,1,1
631473,0,0
631524,3,3
631654,2,3
631673,1,2
631680,1,1
631701,2,3
631719,1,1
631765,1,1
631853,1,1
631860,0,0
631880,1,1
631884,1,1
631913,2,1
631925,3,2
632019,2,1
632044,1,1
632078,2,1
632114,2,1
632124,3,2
632143,2,3
632235,3,3
632258,1,1
632306,0,1
632316,1,1
632339,1,1
632363,2,1
632379,1,1
632380,1,1
632402,1,1
632513,0,0
632544,1,1
632588,0,0
632620,1,2
632621,3,3
632623,1,1
632634,3,3
632691,1,1
632698,1,1
632705,1,1
632759,3,2
632773,3,3
632801,2,2
632840,2,2
632841,3,3
632848,1,1
632895,1,1
632923,3,3
632927,2,3
632929,1,1
632947,1,1
632958,3,3
632991,1,1
633047,1,1
633077,0,1
633100,3,2
633102,3,3
633157,2,1
633179,0,0
633205,2,2
633207,2,3
633219,1,1
633221,2,1
633233,3,3
633238,1,1
633243,3,3
633292,2,3
633297,2,3
633303,0,0
633305,2,3
633319,1,1
633328,1,1
633388,0,0
633397,2,2
633401,3,3
633403,2,2
633411,2,2
633504,0,1
633505,2,1
633558,3,3
633625,3,2
633676,3,2
633691,1,1
633717,1,1
633732,3,3
633739,3,3
633745,1,1
633756,1,1
633773,1,1
633840,2,1
633881,3,2
633884,3,2
633924,2,2
633983,1,1
634007,3,2
634057,2,3
634070,1,1
634099,2,2
634111,1,1
634114,3,2
634139,1,1
634155,0,1
634165,1,1
634176,3,3
634187,3,3
634200,2,1
634209,1,1
634245,2,2
634252,2,2
634254,3,3
634260,1,1
634279,2,2
634292,2,3
634339,3,3
634343,1,1
634349,2,2
634426,1,1
634427,1,1
634429,0,1
634430,1,1
634431,1,1
634435,1,1
634479,2,1
634480,3,3
634500,1,1
634536,1,0
634539,2,2
634616,1,1
634635,2,1
634636,1,1
634638,2,3
634682,2,2
634701,3,3
634774,3,3
634784,2,1
634796,3,3
634820,3,2
634859,2,2
634918,2,2
634919,1,1
634924,0,0
634946,3,3
634979,3,3
634999,0,0
635034,1,1
635046,2,3
635079,3,2
635124,2,2
1006742,2,2
1017773,2,3
1045091,2,3
1072259,1,1
1290731,3,3
1340760,1,1
1398489,1,1
1425806,1,1
1450604,3,3
1465407,1,1
1498823,2,3
1514245,3,2
1526059,1,1
1528232,3,2
1548052,2,3
1578222,1,1
1588621,3,3
1615392,1,1
1627052,1,1
1641117,1,1
1683192,3,3
1683803,1,1
1738364,1,1
1744817,0,1
1757662,1,1
1768223,1,1
1773925,3,3
1799963,3,3
1821249,2,3
1875728,1,1
1884024,2,2
1892879,2,3
1919240,0,1
1928947,2,1
1933534,2,2
1936935,3,3
1939193,2,2
1961652,3,3
1962128,3,2
1984169,3,2
1999952,1,1
2010245,2,1
2022750,3,2
2025233,1,1
2055321,2,2
2058815,3,3
2074627,1,1
2095576,1,1
2097046,2,3
2114529,3,1
2131008,1,1
2156172,3,2
2161710,3,2
2164266,2,1
2176759,1,1
2186992,0,1
2209846,3,3
2222615,1,1
2238019,2,2
2239539,3,3
2242595,2,1
2242732,1,1
2244285,1,1
2256318,1,1
2257112,0,1
2264054,1,1
2265419,3,3
2270880,1,1
2298316,3,3
2299808,0,0
2303413,1,1
2306016,0,1
2322813,3,3
2327494,1,1
2336654,2,2
2337362,1,1
2345438,1,1
2355214,2,2
2360071,3,3
2381745,3,3
2383307,1,1
2410519,0,0
2413895,2,2
2419081,3,2
2426332,1,1
2436584,3,3
2437930,1,1
2448082,2,2
2462281,3,3
2463282,3,3
2465589,3,3
2480886,3,3
2481482,1,1
2492219,1,1
2492787,0,1
2494338,3,2
2503799,2,1
2516163,0,0
2517983,3,3
2523915,1,1
2524794,3,3
2525633,3,3
2532785,0,1
2540424,3,3
2543637,2,3
2545629,1,1
2554552,1,1
2558365,3,3
2561313,1,1
2561862,0,1
2564619,1,1
2569942,1,1
2570929,1,1
2575119,2,2
2581536,1,1
2581654,1,1
2583997,2,2
2585330,1,0
2589352,1,1
2590531,3,3
2593175,3,3
2595058,2,3
2602542,3,3
2604975,1,1
2606636,0,0
2606890,1,1
2609955,2,2
2616978,0,0
2619719,3,3
2620930,0,1
2625021,2,3
2630284,3,3
2634654,2,2
2636921,3,2
2652268,2,3
2653007,2,3
2659650,1,1
2661827,1,1
2666213,1,1
2666831,1,1
2667478,3,3
2674773,1,1
2675061,2,3
2681270,1,1
2684417,3,2
2689210,1,2
2697630,1,1
2697885,1,1
31296,2,1
35747,3,3
35796,2,2
40857,3,3
40878,0,0
42552,1,1
43958,2,1
45423,2,1
47861,1,2
52275,2,2
54772,3,3
56637,0,1
56667,2,2
58884,0,0
61297,3,3
63112,3,2
64427,0,1
64777,3,3
66892,3,2
69439,3,2
71159,1,1
74165,1,1
75107,0,1
77692,1,1
77995,1,1
79610,1,1
80438,1,1
82201,2,2
84604,0,0
85241,3,2
87264,0,0
87322,1,1
90651,3,3
91801,3,2
94749,2,2
98256,3,3
101217,2,2
102854,0,0
103594,3,3
105125,3,3
105939,1,1
107455,2,1
108949,2,2
109577,1,1
109907,3,3
110820,3,3
113702,3,3
116529,2,2
119310,1,1
119865,0,1
125063,2,1
127179,3,2
129907,0,1
130409,1,1
131597,1,1
132423,3,2
132475,1,1
135280,0,1
136944,1,1
139206,0,1
142310,1,1
143755,1,1
144959,3,2
149178,1,1
149964,3,2
150282,1,1
152524,0,0
152917,0,0
155938,1,1
157225,3,3
159906,1,1
159947,2,1
161837,3,3
164148,1,0
166123,1,1
166607,3,3
169596,2,2
170874,1,2
171692,3,2
172493,1,1
173412,3,1
177492,0,1
184627,3,3
184720,2,2
185994,1,0
191504,3,2
194163,1,0
195246,2,1
195552,1,0
197188,3,3
197536,1,1
199009,1,1
204117,3,3
226955,2,2
228633,1,1
229498,1,1
230656,3,3
230947,2,2
231980,3,3
232173,1,1
234031,3,2
234661,1,0
235747,3,2
235768,1,1
235971,1,1
236090,2,1
237891,1,1
238301,3,3
242636,2,3
249357,1,1
251166,2,1
251397,3,3
251916,3,3
253633,1,1
253763,0,1
258245,1,1
258509,1,1
258978,1,1
260275,3,3
261863,3,3
262025,1,0
262332,3,3
262394,2,1
263143,3,3
263862,0,0
264589,2,2
265497,1,1
268727,3,3
268823,2,2
269584,1,1
270421,1,1
271702,3,3
272704,3,3
275127,3,2
276265,1,1
276337,3,3
277384,3,3
278380,1,1
279440,1,1
279653,0,0
279883,3,2
281134,1,1
281970,3,3
282849,1,1
283402,1,1
286778,0,1
287079,2,2
287258,1,1
287715,3,3
289179,3,3
289247,0,0
289618,3,2
289676,2,3
294112,2,3
294219,0,0
294920,3,3
294929,1,2
295893,2,3
297218,1,1
297341,1,1
300848,3,3
301074,1,1
301561,3,2
305064,1,1
305659,0,1
310205,2,1
312126,3,2
312231,1,1
312960,1,1
315795,1,2
316061,3,3
316082,0,1
318139,3,3
318147,1,1
318289,3,3
319073,1,1
319461,3,3
320133,0,0
320612,0,1
322499,3,3
324331,2,2
325750,1,1
327664,3,3
328377,3,3
328797,2,2
329095,3,2
329895,1,1
331789,1,1
332237,2,3
332676,3,3
333993,1,1
334224,3,2
335095,1,1
337000,1,1
338689,1,1
338806,1,1
339519,1,1
340831,3,3
341093,2,2
341457,3,3
341629,2,1
343709,1,1
345271,0,0
347197,0,1
348108,1,1
348324,1,1
348906,3,3
349515,1,1
349777,3,3
351147,1,1
351293,3,3
354698,1,1
354713,2,3
355293,1,1
357851,2,3
360278,3,3
360752,3,3
364066,0,0
366140,1,1
367151,3,2
368389,3,3
369242,1,1
369450,1,1
369644,3,3
370735,1,1
372345,1,1
372509,1,1
372511,1,1
374353,3,2
375527,1,1
375993,3,3
378705,2,2
378946,1,1
379278,2,3
379311,2,2
379563,3,3
380952,1,1
381257,1,1
381414,1,1
381428,3,3
381528,3,3
381529,3,2
383445,2,2
383602,1,1
383629,1,1
384107,2,2
384331,3,3
386121,3,3
386389,1,1
386956,3,3
389853,3,2
390070,2,1
393141,2,2
395758,3,2
396136,3,3
396683,1,1
396834,1,1
396907,2,2
397219,0,0
397292,2,2
397671,0,0
398550,0,0
398630,1,1
399429,0,0
402695,1,1
405193,1,1
407232,1,1
408499,3,3
408872,3,2
410407,0,0
410883,1,1
411304,1,1
411688,2,3
412353,1,0
413180,1,1
413709,1,1
413949,1,1
416199,1,1
416407,1,1
416426,3,3
418201,2,1
418486,3,3
419059,0,1
419081,2,3
420834,3,2
421070,3,2
423210,1,1
423488,2,2
423781,1,1
425467,3,3
426410,2,3
427256,1,0
427485,3,2
429832,2,1
431139,1,1
434476,1,1
435294,3,3
438063,2,2
438644,2,2
439950,2,2
439995,1,1
440818,1,1
441020,3,3
441165,1,1
441170,3,3
441421,2,2
441540,3,3
442199,1,1
442347,3,2
442563,1,1
442725,2,3
442802,1,1
443151,1,1
443514,1,1
443696,2,1
444011,1,1
444619,1,1
444907,1,1
445459,3,3
445686,1,1
446778,3,3
464522,3,2
465009,3,2
465078,3,3
465121,2,1
465245,3,3
465294,1,1
466120,2,2
466717,3,3
466807,3,2
466987,1,1
467312,3,2
467363,2,2
468623,3,3
469499,1,1
470121,3,3
471284,2,1
471374,3,3
472401,3,3
474667,1,1
475015,1,1
475566,3,3
475699,3,3
476401,1,1
476629,1,2
477833,2,1
479939,1,1
480303,2,3
481240,3,2
481717,1,1
482644,1,0
483037,1,1
483656,3,3
484010,2,1
484494,3,3
484594,1,1
485228,2,2
486087,0,1
486964,1,1
488136,3,3
488525,1,1
489048,3,2
489104,3,3
489493,3,2
489553,2,2
490297,2,2
491077,3,3
491126,1,1
491756,3,2
491863,1,1
491959,3,3
492024,1,1
492557,3,2
493793,1,1
494046,1,1
494184,1,1
496493,3,2
496815,3,3
497415,1,1
498442,0,0
499244,3,2
499404,1,1
500068,1,1
500618,1,1
501444,0,1
501897,3,2
502011,1,1
503684,3,2
504270,2,2
504700,3,3
505773,0,1
506705,1,1
507031,3,3
507311,2,3
507743,1,1
507935,0,0
508626,1,1
509177,3,2
509536,1,1
510762,2,3
511246,2,3
511309,1,2
511350,2,2
511859,3,3
511981,1,1
512335,3,2
513272,2,2
513422,1,1
513428,1,1
514078,1,1
514556,2,2
516602,0,1
517551,1,1
518599,3,3
519115,2,1
520265,2,3
521032,3,2
521115,1,1
521153,2,2
521255,2,1
521703,3,2
522082,1,1
523017,1,1
523249,1,1
523589,3,3
524827,3,2
525523,3,3
526721,0,0
526819,2,1
527619,3,2
529693,1,1
529991,1,1
530148,3,2
530196,3,2
531018,0,0
531871,1,1
532254,1,1
532744,3,3
533418,0,1
534018,3,3
534112,3,2
534457,1,1
535542,3,2
535671,1,1
535997,3,2
536351,1,1
536475,2,1
536963,1,1
537321,3,3
537322,1,1
537606,2,3
537811,0,0
539308,2,2
539913,3,3
539945,1,1
540155,3,3
540723,1,1
541184,3,3
541532,3,1
541921,1,1
542202,1,1
542550,3,2
543010,2,2
543432,3,3
544141,2,2
544745,2,2
545164,1,1
545962,1,1
546547,1,1
546645,1,1
547347,1,1
549219,1,1
549321,0,1
549523,2,2
549847,1,1
550420,0,0
550703,0,0
552173,1,1
552832,2,3
553031,1,1
553284,1,0
553813,1,1
554063,0,0
554525,1,1
555049,0,1
555277,3,3
555827,2,2
556126,1,1
557085,0,1
557290,1,1
557792,3,2
557830,2,2
558044,0,1
558342,2,2
558764,1,1
559882,3,3
560047,1,1
560459,3,3
560645,1,1
560659,3,3
560765,3,3
560823,3,3
561231,1,1
561311,3,3
561519,3,3
562064,1,1
562754,1,1
562762,3,3
562990,1,1
563108,1,1
563414,1,1
564243,1,1
564617,2,1
564770,2,3
564821,3,2
564933,0,1
565017,1,1
565474,3,3
566823,2,2
567213,3,3
568443,3,3
568447,3,3
568987,2,3
568998,3,2
569034,1,1
569080,1,1
569108,0,0
569556,3,3
569745,3,2
569876,1,1
570004,2,1
570213,2,2
570280,2,2
570689,2,2
571074,0,0
571932,3,3
571950,3,3
572071,2,2
572074,1,1
572213,0,1
572265,2,2
572804,3,2
573007,3,2
573291,3,2
573481,3,3
573583,1,1
573697,3,2
574068,3,3
574527,2,1
574638,3,3
574695,3,2
575069,1,1
575112,1,1
575302,1,1
575685,2,2
575710,3,2
575983,3,3
576140,3,3
576423,3,3
577032,2,1
577429,2,2
577533,1,1
577950,3,3
578152,1,1
578495,3,2
578573,3,2
578847,0,1
579221,3,3
579660,1,1
579686,1,1
580459,1,1
580834,0,1
580845,1,1
580926,2,2
581219,2,2
581253,1,2
581659,0,0
581779,1,1
582034,3,3
582117,1,1
582141,2,3
582266,2,2
582332,0,0
582530,2,2
582653,1,1
582670,2,2
582749,3,3
583056,2,1
583318,1,1
583487,1,1
584210,3,2
584362,3,3
584515,1,1
584594,3,3
584673,2,2
585021,3,3
585224,1,1
585261,1,1
585284,1,1
585301,3,3
585503,0,0
585572,2,2
585724,2,2
585825,3,3
585958,1,1
586282,3,3
586811,2,2
586906,1,1
587509,2,3
587571,0,0
587654,3,3
587706,2,3
588128,1,1
588628,1,1
589080,0,0
589162,1,0
589332,1,1
589389,1,1
589441,3,2
589798,3,2
589828,1,1
590120,1,1
590381,3,3
590462,3,2
590543,2,3
590818,2,2
591525,1,1
591581,1,1
591655,2,2
591746,3,2
591946,1,1
592218,1,1
592233,3,3
592295,1,1
592558,1,1
592657,3,3
592939,1,1
593136,1,1
593563,1,1
593722,2,1
593796,0,1
594065,0,0
594122,1,1
594229,1,1
594258,2,2
594406,2,2
594615,2,2
594636,1,1
595246,3,2
595262,3,2
595673,3,3
595676,2,2
595721,1,1
595943,1,0
596052,3,2
596203,3,3
596243,1,1
596245,3,3
596253,1,1
596464,3,2
596693,3,3
596758,1,1
596805,3,2
597391,3,3
597740,1,1
597937,2,1
598308,1,1
598442,3,3
598540,1,1
598559,1,1
598582,3,3
598757,2,2
598939,3,3
599007,3,3
599297,2,2
599865,2,2
600071,1,1
600405,2,2
600615,3,2
600773,3,2
600893,2,2
601008,1,1
601180,2,2
601235,1,1
601271,2,1
601680,3,3
601820,1,1
602502,2,2
602594,1,1
603423,2,2
603648,1,1
603931,3,2
604142,3,2
604567,1,1
604614,1,1
604652,3,3
604907,2,2
605091,2,2
605180,1,1
605228,2,2
605394,2,2
605682,1,1
606257,1,0
606293,3,3
606428,3,2
606805,3,2
606904,2,2
607243,1,1
607303,1,1
607501,1,1
607533,3,3
607679,1,1
607700,1,1
607733,3,2
607866,1,1
608248,2,3
609142,0,0
609240,1,1
611465,3,3
611603,1,1
612763,3,3
612842,1,1
613165,1,1
613330,1,1
613634,1,1
613899,0,0
613966,2,3
614059,1,1
614984,1,1
615266,0,0
615299,0,1
615301,1,1
615302,1,1
615306,1,1
615328,3,2
615340,1,2
615342,1,2
615356,1,1
616517,0,0
616912,0,1
617010,1,1
617119,1,1
617130,3,2
617150,3,3
617332,2,2
617436,3,2
617580,1,1
617783,2,1
617922,1,1
618252,3,3
618663,1,1
619204,1,1
619292,0,0
619321,1,1
619502,1,1
619863,3,3
619887,3,3
620094,0,0
620112,3,2
620269,1,1
620349,3,2
620431,1,1
620740,1,1
620750,3,2
620810,1,1
620824,2,2
621307,3,3
622029,3,3
622275,3,3
622362,3,2
622481,0,1
622760,0,1
622899,3,2
622910,3,3
622934,1,1
622967,2,2
623166,3,3
623230,3,3
623471,1,1
623589,0,1
623763,3,3
623765,1,1
623917,3,3
623945,3,3
623955,2,2
624282,0,0
624740,3,3
624864,0,1
624970,1,1
625245,1,1
625330,3,2
625515,1,1
625609,2,2
625743,1,1
625802,2,1
625838,1,1
626033,0,1
626349,2,1
626416,0,1
626454,1,1
626477,1,1
626514,1,1
626539,3,2
626552,1,1
626579,2,1
627238,3,3
627365,0,1
627379,3,2
627443,3,3
627829,1,1
627840,3,3
628054,3,3
628149,1,1
628157,1,1
628308,3,2
628363,2,3
628383,1,1
628521,1,1
628888,1,1
628964,0,0
629029,2,2
629182,2,1
629394,3,2
629491,1,1
629522,3,2
629594,2,2
629686,3,2
629818,0,1
629907,3,3
629922,1,1
629944,0,1
630024,3,3
630109,1,1
630158,1,1
630168,3,2
630186,3,2
630289,3,3
630358,3,3
630510,3,3
630745,3,2
630835,0,0
630905,0,0
630910,1,1
630992,2,1
631075,2,1
631193,3,2
631438,2,2
631524,2,2
631658,0,0
631681,1,2
631715,0,1
631740,1,1
631750,3,3
631772,3,2
631837,0,0
631924,0,0
632074,0,1
632179,3,3
632276,3,2
632290,1,1
632458,0,1
632556,2,1
632597,1,1
632634,3,3
632773,3,3
632826,1,1
632836,1,1
633079,1,1
633516,1,1
633555,0,0
633568,1,1
633628,2,3
633867,1,1
633931,0,1
634088,0,1
634114,2,2
634512,1,1
634526,1,1
634601,2,3
634749,1,1
634888,2,3
634943,3,2
635079,2,2
635165,3,3
635184,2,2
635191,3,3
635271,3,3
635410,2,2
635746,3,2
635751,2,1
635795,1,1
635903,2,2
635985,2,2
636314,1,1
636375,3,3
636400,1,1
636407,2,3
636408,1,1
636469,0,1
636492,3,3
636547,2,2
636565,1,1
636634,3,3
636653,2,3
636656,1,1
636704,2,1
636749,3,3
636783,0,0
636830,0,0
636832,1,1
637004,1,1
637089,2,2
637338,3,3
637358,1,1
637474,3,3
637509,2,2
637514,3,2
637563,2,3
637582,2,1
637708,0,0
637788,2,3
637800,3,2
637906,1,1
637939,2,2
637980,1,1
638034,1,1
638388,1,1
638411,1,1
638414,3,3
638425,3,3
638498,1,1
638515,1,1
638625,1,0
638655,1,1
638677,3,2
638831,2,1
639028,1,1
639231,1,1
639234,3,3
639238,3,3
639522,1,1
639919,3,3
639993,3,3
640098,1,1
640140,3,3
640278,1,1
640329,1,1
640393,3,3
640429,0,0
640552,3,2
640584,3,3
640711,1,1
640752,1,1
640774,3,3
640848,1,1
640892,1,1
640913,1,1
640927,1,1
641028,2,2
641085,2,2
641137,0,1
641169,3,3
641265,3,3
641275,3,2
641307,3,3
641309,1,1
641311,0,1
641363,1,1
641401,0,1
641404,3,3
641433,2,2
641461,1,1
641470,2,2
641547,1,1
641565,3,3
641804,3,3
641864,0,1
641866,3,3
641914,1,0
642013,3,3
642029,1,1
642056,0,1
642128,3,3
642375,1,1
642448,1,1
642449,1,1
642493,1,1
642496,3,3
642498,1,0
642536,2,3
642551,1,1
642560,3,3
642626,3,3
642730,2,2
642740,0,0
642750,0,0
642790,3,3
642840,2,2
642843,1,2
642872,1,1
642909,1,1
642939,3,2
643024,3,3
643069,1,1
643202,0,1
643220,0,1
643273,1,1
643326,1,1
643372,2,3
643379,3,3
643455,3,3
643466,1,0
643477,1,1
643496,1,1
643502,1,1
643591,0,1
643653,1,1
643690,3,3
643696,2,2
643751,0,1
643754,0,1
643757,2,2
644025,1,1
644210,1,1
644303,3,3
644343,1,1
644361,1,1
644369,1,1
644430,2,2
644450,0,0
644508,1,1
644761,1,1
644784,1,1
644791,1,1
644818,1,1
644834,3,3
644847,1,1
644871,3,2
644885,3,3
644934,3,3
644936,1,1
644967,2,3
644974,0,0
645003,2,1
645020,1,1
645078,0,1
645145,2,3
645194,3,3
645366,3,3
645401,3,3
645405,1,1
645407,3,3
645433,3,2
645496,2,2
645518,2,1
645529,3,3
645586,1,1
645618,3,3
645638,3,3
645705,1,1
645732,1,1
645784,1,1
645787,3,3
645790,2,2
645800,3,3
645840,2,2
645880,2,2
645948,1,1
645960,1,2
645997,1,1
646015,0,1
646017,1,1
646053,1,1
646074,1,1
646083,3,3
646085,0,0
646091,3,3
646120,3,3
646138,1,1
646313,1,1
646357,0,1
646402,1,0
646460,1,1
646498,3,3
646539,1,1
646540,0,0
646551,1,1
646613,3,3
646638,1,1
646670,1,1
646734,3,2
646742,3,3
646750,1,1
646778,0,1
646807,3,2
646972,3,3
646990,1,0
647005,3,3
647033,3,3
647040,1,1
647045,2,3
647072,3,3
647111,3,3
647154,1,1
647169,0,0
647171,2,2
647194,2,2
647210,3,3
647245,3,3
647284,3,3
647320,1,1
647321,3,3
647324,0,0
647339,2,2
647348,3,3
647391,1,1
647398,1,1
647399,1,0
647417,3,3
647425,1,1
647485,1,1
647496,1,1
647525,3,3
647594,3,3
647598,2,3
647765,1,1
647784,3,3
647799,3,3
647841,1,1
647898,0,1
647910,2,2
647915,3,2
647945,1,1
647987,2,1
648027,1,1
648037,0,1
648038,1,1
648040,1,0
648086,1,1
648105,1,1
648114,1,1
648116,1,1
648118,3,3
648137,3,3
648140,1,1
648190,2,3
648244,2,2
648254,1,1
648287,1,1
648348,3,3
648353,2,3
648365,1,0
648366,0,1
648373,3,3
648455,2,2
648457,0,1
648470,0,1
648477,3,3
648508,2,2
648515,2,3
648521,3,3
648531,0,1
648536,0,1
648546,3,3
648564,1,1
648571,0,0
648576,3,3
648590,1,1
648605,3,3
648611,3,3
648613,1,1
648650,3,3
648661,2,3
648667,3,3
648685,0,0
648698,3,3
648725,3,3
648804,2,1
648815,1,0
648819,3,3
648840,3,3
648863,3,3
648867,2,3
648872,3,2
648903,1,1
648927,3,3
648930,2,3
648972,1,1
648995,3,3
649004,1,1
649009,2,2
649020,3,2
649028,3,3
649036,3,2
649079,3,1
649084,1,1
649093,0,1
649118,1,1
649141,3,1
649147,3,3
649159,1,1
649161,3,3
649165,1,1
649207,1,1
649212,1,1
649230,3,2
649258,2,1
649284,1,2
649325,3,3
649336,3,3
649379,1,1
649385,3,3
649389,3,3
649400,1,1
649434,1,1
649435,1,1
649457,1,1
649469,2,3
649523,3,3
649547,3,2
649555,3,2
649566,2,2
649580,3,3
649619,0,0
649735,1,1
649764,3,3
649806,2,2
649849,3,3
649891,3,2
649926,3,3
649952,1,1
649954,3,3
649979,1,1
650031,2,2
650048,2,3
650052,3,3
650054,3,3
650085,3,3
650108,1,1
650123,3,3
650148,3,3
650160,0,1
650170,2,2
650180,3,3
650251,0,1
650285,3,3
650287,3,3
650321,3,3
650353,3,3
650363,1,1
650370,1,1
650398,3,3
650400,3,3
650424,1,1
650461,1,1
650464,3,3
650469,1,1
650473,1,0
650543,2,2
650544,3,3
650570,1,1
650637,3,3
650682,3,2
650716,2,3
650717,3,2
650758,2,2
650791,3,3
650861,2,2
650866,1,1
650923,1,1
650952,3,3
650960,1,1
651040,1,1
651121,1,1
651126,1,1
651182,1,1
651200,2,2
651238,1,1
651253,3,3
651255,2,2
651330,2,2
651334,2,2
651351,3,3
651354,1,1
651381,1,1
651398,3,3
651419,1,1
651473,3,3
651478,0,0
651498,1,1
651555,0,1
651598,0,1
651608,3,3
651611,3,3
651639,3,3
651693,2,2
651697,3,3
651879,3,3
651881,1,1
651886,3,2
651927,0,1
651972,2,2
651990,1,1
652008,1,1
652025,3,3
652064,0,0
652087,1,1
652311,3,2
652333,1,1
652335,1,1
652336,3,2
652438,1,1
652569,3,3
652576,1,1
652593,3,2
652625,0,0
652647,2,3
652659,1,2
652664,2,2
652672,1,1
652684,0,1
652706,3,3
652711,1,1
652752,2,2
652753,1,1
652769,2,2
652788,0,1
652801,3,3
652824,2,2
652832,3,2
652887,1,1
652890,2,2
652898,1,1
652994,1,1
652998,2,2
653045,1,1
653051,3,3
653115,1,1
653144,3,1
653174,3,3
653183,3,2
653206,3,3
653255,3,3
653297,1,1
653301,1,1
653336,3,3
653356,3,3
653372,3,2
653381,1,1
653417,1,1
653536,1,1
653558,1,1
653567,1,1
653595,1,1
653616,3,3
653653,1,1
653659,2,2
653747,3,3
653773,1,1
653797,3,3
653841,1,1
653846,3,3
653848,3,3
653854,3,3
653857,2,2
653988,2,3
654045,1,1
654048,3,3
654094,3,2
654112,3,3
654114,1,1
654169,1,1
654217,1,1
654228,3,3
654236,1,1
654260,0,0
654289,3,3
654322,3,3
654338,3,3
654339,1,1
654351,2,3
654407,3,3
654432,3,3
654441,2,1
654563,3,3
654565,1,1
654578,1,1
654597,1,1
654619,3,3
654620,3,3
654671,3,3
654677,3,3
654684,3,2
654692,2,1
654698,3,3
654732,3,3
654738,3,2
654816,3,3
654819,0,0
654824,1,1
654834,0,0
654852,3,3
654867,0,1
654943,3,3
654947,2,2
654960,3,3
655028,2,2
655088,3,3
655113,3,2
655115,1,1
655124,2,2
655127,0,1
655353,1,0
655386,0,0
655402,3,3
655412,1,1
655416,3,3
655417,3,3
655445,1,1
655492,3,3
655569,1,1
655627,3,3
655629,3,3
655720,3,2
655747,3,3
655796,1,1
655852,3,2
655927,1,1
655981,1,1
656029,3,3
656065,1,1
656086,3,3
656092,1,1
656102,3,3
656107,2,2
656131,1,1
656145,3,3
656150,3,3
656158,1,1
656159,0,1
656165,1,1
656234,1,1
656323,1,1
656353,1,1
656360,3,3
656414,1,1
656436,1,1
656441,3,3
656510,2,2
656512,3,3
656519,3,3
656529,1,1
656565,3,3
656579,0,1
656599,3,3
656607,1,1
656622,3,3
656651,1,1
656677,3,3
656693,3,2
656734,0,1
656791,1,1
656800,3,3
656882,0,0
656988,2,2
656996,1,1
657048,1,1
657118,3,3
657181,3,2
657184,3,3
657211,3,3
657220,1,1
657330,0,1
657344,0,1
674222,1,1
674226,1,1
674236,0,1
674260,2,3
674261,3,3
674262,0,0
674320,1,1
674387,1,1
674406,1,1
674451,1,1
674478,2,3
674484,1,1
674497,1,1
674509,1,0
674584,0,1
674594,2,2
674617,3,3
674644,1,1
674657,1,1
674671,1,1
674691,0,1
674694,1,1
674699,0,0
674751,0,1
674764,3,3
674814,3,3
674831,1,1
674870,1,1
674911,3,3
674921,0,1
674935,3,3
674970,3,3
675002,3,3
675021,0,1
675046,3,3
675054,1,0
675127,3,3
675193,1,1
675225,1,1
675233,1,0
675261,1,1
675273,2,1
675279,1,1
675315,1,1
675328,1,1
675337,3,2
675474,1,1
675486,3,3
675514,2,2
675566,0,1
675577,2,3
675613,3,3
675636,1,1
675669,3,3
675710,0,0
675818,3,2
675824,3,3
675829,3,3
675843,3,3
675947,3,2
675989,0,1
676007,1,1
676040,3,2
676064,0,1
676103,1,1
676128,3,3
676139,2,2
676190,0,0
676194,3,3
676265,1,1
676272,2,2
676303,1,1
676320,3,3
676324,3,3
676378,0,1
676444,0,0
676458,2,2
676459,1,1
676478,0,0
676492,1,1
676600,3,3
676610,0,1
676626,0,0
676627,3,2
676866,1,1
676882,1,1
676930,3,3
677027,3,3
677081,3,3
677085,1,1
677111,1,1
677138,0,1
677155,1,1
677167,1,1
677206,1,1
677221,0,1
677235,2,1
677327,3,3
677369,3,3
677382,2,1
677400,0,1
677436,1,1
677456,1,1
677486,3,2
677546,1,2
677582,3,3
677608,3,3
677643,3,2
677655,1,1
677687,2,2
677701,3,3
677748,2,2
677767,2,1
677782,3,3
677828,3,3
677833,1,1
677867,3,2
677869,2,2
678005,3,3
678044,3,3
678088,1,1
678090,3,3
678127,3,3
678203,1,1
678235,1,0
678270,2,1
678287,3,3
678346,3,3
678381,1,1
678397,3,3
678407,3,2
678452,1,1
678474,2,2
678528,2,1
678619,3,3
678628,1,1
678639,3,3
678659,1,1
678769,3,3
678819,0,0
678831,3,3
678859,0,1
678877,3,3
678946,1,0
678954,0,1
679019,2,3
679036,0,0
679111,2,3
679119,3,3
679189,1,1
679227,1,1
679237,2,2
679251,2,1
679262,1,1
679269,3,3
679278,1,1
679337,3,3
679342,2,2
679384,1,1
679386,1,1
679402,0,1
679445,1,1
679448,1,1
679498,1,1
679502,3,3
679509,1,1
679594,0,0
679676,3,3
679688,3,3
679749,3,3
679788,1,1
679790,1,1
679938,3,2
679939,1,1
679949,2,3
680014,0,0
680018,3,2
680027,0,0
680072,3,3
680080,1,1
680145,1,1
680212,2,1
680222,3,3
680231,3,2
680255,2,2
680266,0,0
680270,2,1
680273,3,3
680312,3,3
680322,1,1
680343,0,1
680348,1,1
680349,3,3
680374,3,3
680410,3,3
680443,0,1
680464,0,1
680506,0,1
680517,3,2
680572,1,1
680708,1,1
680713,1,1
680714,3,3
680715,3,3
680747,1,1
680766,3,3
680775,1,1
680810,0,0
680855,2,2
680872,1,1
680912,1,1
680938,3,3
680955,1,1
680974,0,1
681004,0,1
681052,3,3
681063,3,3
681073,3,3
681120,3,3
681152,3,3
681235,1,1
681277,3,2
681298,2,3
681328,0,0
681335,3,3
681341,2,1
681352,1,0
681354,1,1
681393,3,3
681397,3,3
681452,1,1
681490,0,0
681608,1,1
681633,1,1
681652,1,1
681655,1,1
681658,1,1
681691,3,2
681735,3,3
681755,1,1
681763,1,1
681938,0,1
681973,1,1
682015,3,3
682019,3,2
682025,3,3
682050,2,3
682070,1,1
682098,3,3
682142,3,3
682276,3,1
682298,1,1
682358,3,2
682359,3,3
682390,1,1
682391,2,2
682436,1,1
682437,1,1
682482,3,3
682504,3,3
682505,3,3
682511,1,1
682524,3,3
682539,0,0
682546,3,2
682565,3,3
682569,1,1
682578,2,2
682588,2,1
682596,3,3
682613,1,1
682617,3,3
682632,1,1
682671,3,3
682695,1,1
682719,3,3
682753,1,1
682839,1,1
682863,3,3
682894,3,1
682946,3,3
682963,1,1
682981,0,0
682982,3,2
682983,1,1
682985,2,1
682990,0,1
683033,1,1
683094,2,1
683144,3,3
683177,3,3
683178,1,1
683243,2,1
683273,2,3
683305,1,1
683323,2,2
683346,0,1
683347,3,2
683352,1,1
683353,1,1
683360,3,3
683375,1,1
683403,0,1
683427,3,3
683446,2,3
683467,1,1
683508,2,2
683530,0,1
683547,3,3
683550,1,1
683555,3,2
683576,3,2
683604,1,1
683624,0,0
683628,3,3
683642,3,3
683699,3,3
683745,2,3
683764,2,3
683772,3,2
683820,1,1
683832,3,3
683902,1,1
683912,3,3
683934,1,1
684013,0,1
684014,3,3
684040,3,3
684075,2,2
684183,1,1
684311,1,1
684313,3,3
684383,1,1
684386,1,1
684526,3,2
684572,3,3
684579,3,2
684592,1,1
684594,3,2
684671,1,1
684675,1,1
684676,2,3
684726,3,3
684882,1,1
684981,3,1
684983,3,3
685004,2,2
685042,3,2
685100,3,3
685105,2,1
685128,1,1
685140,1,1
685155,1,1
685192,3,3
685212,0,0
685276,0,1
685283,2,2
685330,3,2
685333,3,3
685339,1,1
685367,2,2
685373,0,1
685378,1,1
685410,1,1
685439,3,3
685512,3,3
685565,3,3
685619,1,1
685657,3,3
685663,3,3
685683,3,3
685705,1,2
685708,1,1
685772,1,1
685802,3,3
685807,3,3
685831,1,1
685860,3,3
685920,3,3
685928,2,2
685952,2,3
685998,3,3
686065,0,0
686100,3,2
686164,2,2
686314,1,1
686317,1,1
686344,1,1
686348,1,1
686358,3,3
686390,3,2
686448,3,3
686458,3,3
686498,1,1
686522,1,1
686558,1,1
686700,1,1
686705,1,1
686760,3,3
686786,2,2
686799,3,3
686852,3,3
686869,3,3
686946,2,1
687007,2,2
687033,2,2
687073,3,3
687112,1,1
687115,1,1
687288,3,3
687304,2,2
687319,3,3
687331,2,3
687341,3,3
687345,2,3
687351,1,1
687410,1,1
687434,0,1
687448,3,3
687468,0,1
687485,1,1
687503,1,1
687510,3,3
687511,3,2
687525,2,3
687686,2,1
687747,3,3
687752,3,2
687795,3,3
687828,2,2
687846,1,1
687910,1,1
687930,1,1
687931,1,1
687988,1,1
688005,3,3
688008,1,0
688071,2,2
688097,3,2
688127,0,1
688136,2,1
688159,3,3
688187,3,3
688192,2,1
688203,3,3
688225,2,3
688250,2,2
688251,3,3
688265,2,2
688297,3,3
688326,3,2
688337,1,1
688442,3,3
688453,2,2
688470,2,1
688475,3,3
688509,3,3
688532,3,3
688543,1,1
688664,3,2
688667,1,1
688685,1,1
688727,0,1
688752,3,3
688881,3,3
688891,2,1
688895,0,1
688904,3,2
688937,3,3
688964,3,3
688976,2,3
689005,1,1
689042,3,3
689051,3,3
689052,2,2
689056,1,2
689225,3,2
689260,1,0
689280,0,0
689290,3,3
689347,1,1
689352,3,3
689444,2,1
689498,3,3
689533,3,3
689582,3,3
689585,3,3
689626,2,2
689640,3,3
689747,3,3
689751,3,3
689761,3,3
689796,1,1
689827,3,2
689832,1,1
689855,0,1
689924,1,1
689977,3,3
690075,1,1
690137,3,3
690174,3,3
690198,0,0
690296,3,3
690382,1,1
690559,3,3
690585,2,2
690628,1,1
690631,3,3
690635,0,1
690656,3,3
690687,3,3
690746,0,0
690832,2,1
690872,1,1
690962,3,2
691056,3,3
691177,2,3
691253,3,3
691269,1,1
691280,1,1
691288,2,2
691326,2,1
691375,2,3
691465,2,2
691563,3,3
691699,1,1
691722,0,1
691805,3,3
691873,1,1
691932,1,1
692010,1,0
692097,1,1
692189,3,3
692219,3,3
692220,1,1
692273,3,3
692297,2,3
692301,1,1
692334,1,1
692454,1,1
692612,1,0
692632,2,2
692740,3,3
692893,1,1
692898,3,3
692946,2,2
692962,1,1
692968,1,1
692976,3,3
693114,3,3
693160,1,1
693162,0,1
693197,1,1
693223,3,3
693236,1,1
693246,3,3
693345,1,1
693373,0,0
693448,3,3
693497,1,1
693519,1,1
693573,3,3
693628,1,1
693629,2,3
693764,1,1
693806,0,0
693812,3,3
693873,2,1
693903,0,1
693906,3,3
693907,1,1
694059,3,3
694128,1,1
694144,0,1
694221,2,2
694272,3,2
694284,3,3
694376,2,3
694415,3,3
694428,1,1
694456,1,1
694464,3,3
694536,3,3
694622,1,1
694669,3,3
694715,3,3
694716,1,0
694827,1,1
694836,1,1
694848,0,0
695090,1,1
695169,1,1
695220,3,3
695250,3,3
695251,3,2
695369,3,2
695380,3,3
695416,3,3
695449,3,3
695471,1,1
695485,1,1
695550,2,3
695574,3,3
695637,0,0
695676,3,2
695700,2,3
695729,1,1
695748,3,3
695764,3,3
695803,1,1
695825,3,2
695869,1,1
695879,3,2
695926,2,2
695964,3,2
696039,2,2
696043,0,1
696071,3,3
696082,1,1
696091,3,3
696188,1,1
696253,3,3
696275,0,1
696276,3,3
696318,0,1
696329,0,0
696347,1,1
696364,1,1
696410,3,3
696456,2,2
696583,2,1
696615,2,2
696653,2,2
696659,1,1
696662,0,0
696664,3,3
696666,2,1
696671,1,1
696672,1,1
696674,1,1
696678,1,1
696729,1,1
696943,3,3
696981,3,3
696985,3,3
697027,2,2
697042,3,3
697114,1,1
697160,2,2
697192,3,3
697204,3,3
697215,3,3
697255,1,1
697257,3,3
697299,3,2
697438,3,1
697478,1,1
697529,3,3
697554,3,3
697581,3,3
697665,3,3
697878,1,1
697998,1,1
698015,1,1
698020,3,3
698112,3,3
698157,2,3
698193,2,2
698233,3,3
698237,3,3
698278,3,3
698384,1,1
698407,2,2
698485,1,1
698656,1,1
698762,3,3
699126,1,1
699127,2,1
699128,1,1
836614,2,3
884652,3,3
895524,0,0
900936,3,3
1021350,2,3
1042726,2,1
1318759,1,1
1348205,0,0
1391717,1,1
1409532,2,2
1413902,2,2
1424608,3,3
1448966,1,1
1449171,3,2
1450604,1,1
1459010,3,3
1473878,1,1
1477284,3,3
1501577,0,0
1514245,3,2
1532711,3,3
1537796,3,3
1585671,1,1
1588621,3,2
1603549,1,1
1629444,3,3
1631797,1,1
1639699,1,1
1640680,1,1
1658963,1,1
1677677,1,1
1683192,3,2
1722493,2,1
1733664,2,3
1745145,3,2
1752994,1,1
1755594,0,0
1765045,3,3
1766102,2,3
1771775,1,1
1796402,1,1
1810759,1,1
1816458,1,1
1817710,0,0
1818385,1,1
1836241,1,0
1837138,0,0
1856869,2,1
1866233,2,2
1871598,0,1
1871684,1,1
1873360,3,2
1877902,1,1
1879321,0,0
1881231,1,1
1887108,1,0
1889752,1,1
1895399,3,3
1929219,3,3
1944167,2,2
1948159,0,0
1961652,2,2
1962049,1,1
1962062,2,2
1972092,1,1
1972368,3,3
1995177,0,0
1998834,1,1
2017487,0,1
2020628,1,1
2026075,3,1
2028523,3,3
2029571,3,2
2035700,1,1
2036893,3,3
2047575,0,1
2065972,1,1
2067799,2,2
2071670,3,3
2081123,1,1
2088982,3,2
2096251,1,1
2103552,3,1
2104819,3,3
2106955,0,1
2107747,3,3
2113446,3,3
2128283,1,1
2137697,3,3
2138970,1,1
2140300,1,1
2143312,0,0
2143440,1,1
2146013,3,3
2154361,1,1
2160316,0,0
2161710,2,2
2178837,1,1
2180090,0,1
2182293,2,3
2185729,1,1
2195853,2,2
2197766,0,1
2198970,3,2
2223401,3,3
2254637,1,1
2256134,3,3
2268069,3,3
2272023,3,3
2274542,1,1
2278101,1,1
2282620,2,3
2283708,3,3
2293511,0,1
2298106,0,1
2298895,0,0
2301830,1,1
2306410,1,1
2316717,3,2
2332934,2,2
2339267,1,1
2341420,1,1
2342045,3,3
2343785,1,1
2351969,1,2
2360559,1,1
2366656,0,1
2371481,3,3
2378208,1,1
2386732,0,1
2395016,3,3
2398260,3,3
2399758,1,0
2403701,1,1
2411981,3,3
2417433,2,1
2417975,1,1
2424257,2,2
2427845,1,1
2438784,1,1
2449490,3,2
2457440,1,1
2459292,1,1
2462281,3,3
2463282,3,3
2468232,3,3
2470326,2,3
2480886,2,1
2482710,1,1
2486215,3,3
2486930,1,1
2497090,3,3
2499307,1,1
2504129,2,3
2505058,2,3
2509531,3,3
2519138,1,1
2521574,3,3
2529052,2,3
2529419,1,1
2530976,1,1
2535160,2,2
2537777,2,2
2540871,2,2
2542209,2,1
2544643,0,0
2544766,1,1
2546315,0,0
2550534,3,2
2557008,0,0
2558365,2,2
2559144,1,1
2563095,1,1
2579891,1,1
2584244,1,1
2586748,3,3
2597117,0,0
2599162,3,2
2599883,1,1
2602253,3,3
2602542,0,0
2603027,1,1
2612102,0,1
2612728,3,3
2613827,3,3
2622634,3,2
2624028,1,1
2626417,3,2
2630284,3,2
2641156,1,1
2642532,1,1
2643472,1,1
2643829,2,3
2649121,3,3
2649948,2,1
2652532,3,3
2657913,1,1
2658856,1,1
2661012,3,3
2667478,2,1
2678580,3,2
2681198,1,1
2682682,0,1
2682745,3,2
2683857,1,1
2684048,3,3
2686035,3,2
2687012,3,3
2693932,1,1
2694139,3,2
2697921,1,1
2702660,3,3
24186,1,2
29985,1,1
31107,1,1
38187,3,2
41414,1,1
49123,1,1
64901,1,1
81754,3,2
96423,1,1
109772,1,1
112441,1,1
116319,1,1
117969,3,3
118474,0,1
119444,1,1
120611,2,2
122337,2,1
124944,1,0
131820,2,2
133068,1,1
134123,1,1
139329,1,1
145388,2,2
146192,2,3
152671,0,1
159571,2,2
160479,1,1
160945,1,1
164211,0,1
164451,3,3
165898,2,2
168845,3,2
178935,3,2
184137,0,1
191235,3,2
198315,2,3
203963,1,1
204550,2,2
204738,0,0
233461,2,3
245802,1,1
254417,2,2
261342,1,1
278962,0,1
279839,3,2
282388,2,1
282962,2,2
283035,2,2
285193,0,1
285223,2,2
285861,2,2
299536,2,2
301498,1,1
304106,2,2
305792,1,1
324773,0,1
344098,1,1
345737,3,3
345881,1,1
350473,2,2
359645,3,2
365084,1,0
366371,2,1
366771,0,1
372837,2,2
374266,0,0
380238,1,1
380894,1,1
383420,1,2
384035,1,1
385228,1,1
387294,1,1
391937,1,1
393682,2,1
394024,1,1
398029,2,2
399120,3,3
401909,3,3
406751,1,1
411546,2,3
414668,0,0
414696,1,1
415399,2,3
415818,1,1
417096,1,1
425257,2,1
426547,1,1
441791,1,1
442561,1,1
442618,3,2
442877,1,1
442949,2,2
443387,1,1
447475,0,1
469284,2,3
472511,1,1
480086,1,1
480590,1,1
481762,1,1
482677,1,1
483582,2,2
485448,0,1
486279,0,1
487278,0,1
488445,1,1
491474,2,2
491607,3,2
492909,0,1
495976,1,0
496978,0,1
497619,2,2
501755,1,1
502182,1,1
502709,0,1
502763,2,2
503201,2,2
506533,1,1
507334,1,1
508573,1,1
508924,1,1
510874,1,1
511228,1,1
511492,2,2
515051,2,2
518145,1,1
518661,1,2
519910,2,2
521644,0,1
523427,3,2
532441,3,2
532473,3,2
533054,0,1
538918,2,2
541044,3,2
541890,1,1
542562,1,1
543910,1,1
545665,0,1
547155,1,2
548578,2,3
549603,2,2
550515,1,1
550662,2,2
550758,0,1
551562,2,1
552486,0,1
552509,2,2
553640,3,2
556406,1,0
556463,2,2
561441,3,3
562628,1,1
563301,2,2
566818,2,2
568572,3,3
568863,2,2
569093,1,1
571089,1,1
573834,2,2
575199,1,1
575217,1,1
575324,2,2
575693,3,2
575709,1,1
576416,3,2
576658,3,3
577000,1,1
577136,1,0
577275,0,1
577474,3,3
577792,0,1
578389,1,1
578452,1,1
578845,2,2
579692,1,2
582033,2,3
582283,1,1
583101,2,2
583148,1,1
583686,3,2
583687,2,3
586054,2,2
586494,0,1
587287,2,2
587613,2,2
588031,1,2
588489,2,2
588940,2,2
589009,1,2
589053,1,1
589973,2,2
590445,1,1
590739,2,2
590758,2,2
591563,1,1
592001,2,1
592190,1,1
593121,1,1
593785,1,1
593965,0,1
594167,0,1
594723,0,1
594908,2,2
595102,1,1
595343,1,1
595572,1,1
596307,2,2
596382,2,1
596513,1,1
596588,1,1
596751,0,0
597010,1,2
597037,2,2
598017,0,1
598127,2,2
598496,2,2
598564,2,2
599144,1,1
599276,0,0
599277,2,2
599467,1,1
599620,1,1
600035,1,1
600390,3,2
600714,1,1
601064,1,0
602045,0,1
602061,2,2
602616,3,3
602655,0,1
602858,2,2
602997,3,3
603064,2,1
603124,3,2
603612,2,1
603921,1,1
604482,2,3
604504,0,1
604901,1,1
605176,2,3
605375,1,2
605445,1,1
605556,1,1
605702,2,1
605828,1,1
606101,1,1
606175,1,1
606274,2,3
606296,1,1
606389,1,0
606602,2,2
606705,2,2
606707,0,1
606858,1,1
607235,0,1
607530,1,1
607536,1,0
607547,1,1
607738,3,2
607762,0,1
608109,1,1
608221,2,2
608263,0,1
608292,1,1
608596,1,1
608628,2,2
608649,3,2
608907,1,1
609297,1,1
609326,1,1
609365,2,2
609754,1,1
610127,1,1
610336,2,2
610398,1,1
610461,2,2
610917,2,2
610967,2,2
611195,1,1
611351,3,2
611489,0,0
611496,0,1
611534,2,2
611612,1,1
611629,2,2
611962,1,1
612002,1,0
612039,0,1
612089,2,2
612149,2,3
612207,2,2
612319,1,1
612363,2,2
612385,3,2
612459,2,2
612565,1,1
612620,2,2
612621,1,1
612690,1,1
612709,3,2
612711,2,2
612797,1,2
612870,1,1
612903,1,1
612929,2,1
613015,0,0
613039,2,2
613131,1,0
613227,2,2
613235,1,1
613300,0,0
613407,2,2
613611,2,2
613616,2,1
613639,2,2
613646,0,1
613675,2,2
613683,1,1
613691,1,1
613720,0,1
613972,2,2
613981,2,2
613988,1,1
613993,2,2
614073,3,2
614129,2,1
614142,2,2
614162,1,1
614204,2,1
614224,2,2
614233,2,2
614249,2,2
614262,3,3
614398,0,1
614419,2,1
614424,0,1
614571,1,1
614582,1,1
614892,1,1
614893,1,1
615001,0,0
615078,0,0
615085,2,2
615103,2,2
615283,2,1
615300,1,1
615327,1,1
615377,1,1
615401,2,3
615404,2,2
615425,1,1
615487,3,3
616338,1,1
616457,1,1
616512,1,1
616595,1,1
616629,1,1
616672,1,1
616706,0,0
616727,1,1
616728,2,2
616742,0,1
616851,1,1
616866,1,1
617107,2,2
617114,2,2
617133,2,2
617238,2,2
617346,2,2
617347,2,3
617391,1,1
617470,0,1
617578,0,1
617611,2,2
617700,0,1
617745,1,2
617883,2,2
617886,1,1
617889,2,2
617909,1,1
618024,2,2
618088,0,0
618119,3,2
618176,1,1
618244,1,1
618338,1,1
618444,2,3
618579,1,1
618580,3,2
618621,1,2
618767,1,1
618846,3,2
618887,1,0
618893,0,1
619013,2,1
619107,2,2
619212,1,1
619284,2,2
619363,1,1
619478,2,2
619481,1,1
619483,0,1
619520,2,2
619926,2,1
619945,3,2
619952,1,1
620179,0,1
620190,1,1
620197,1,1
620218,2,2
620317,1,1
620460,1,1
620490,1,1
620522,1,1
620552,3,2
620561,0,1
620564,1,1
620590,1,1
620629,3,2
620726,1,1
620728,2,2
620808,0,1
620915,3,2
620946,0,1
620956,3,2
620982,0,1
621017,2,3
621025,2,2
621319,2,1
621331,3,2
621342,2,1
621459,3,2
621473,1,1
621478,3,2
621676,3,2
621693,2,2
621716,1,1
621755,1,1
621888,2,2
621923,1,1
622074,1,1
622166,1,1
622245,1,1
622252,3,3
622352,1,1
622356,2,2
622382,1,1
622387,3,2
622432,0,0
622433,1,1
622480,2,2
622482,3,2
622500,0,0
622516,2,1
622570,1,1
622618,2,2
622646,2,2
622886,3,2
623010,1,1
623029,2,2
623072,1,1
623081,0,1
623233,3,3
623322,3,2
623335,1,1
623416,1,1
623418,3,2
623442,0,1
623457,1,1
623495,1,1
623575,1,1
623602,1,1
623778,0,1
623804,1,1
623831,0,1
623859,1,1
623903,1,1
623909,2,3
623919,1,1
623953,2,2
623988,1,1
624099,3,2
624199,3,2
624226,0,0
624230,1,1
624297,3,3
624321,3,2
624327,2,2
624430,2,2
624433,1,1
624455,2,2
624522,1,1
624569,2,1
624650,3,2
624667,2,2
624679,2,1
624706,2,2
624714,0,1
624727,1,1
624767,3,0
624777,0,1
624795,2,1
624828,2,2
624906,1,1
624912,1,2
624938,1,1
624940,3,3
625033,0,1
625079,3,3
625089,1,1
625106,2,1
625376,1,1
625399,2,2
625446,1,1
625494,1,1
625540,2,2
625544,0,1
625545,0,1
625603,1,1
625649,1,1
625651,0,1
625676,2,2
625722,1,1
625775,2,1
625875,0,1
625903,1,1
625912,1,1
625930,3,3
626023,1,1
626091,0,1
626092,2,1
626096,2,2
626145,0,1
626159,1,1
626213,2,2
626256,1,1
626282,0,1
626287,1,1
626306,1,1
626307,3,2
626317,2,2
626372,1,1
626379,1,1
626585,1,0
626589,1,1
626618,2,1
626629,2,1
626667,2,2
626675,2,2
626708,0,1
626751,3,2
626927,3,2
626940,2,2
626982,1,1
627043,2,2
627050,1,1
627057,1,1
627076,2,2
627217,0,1
627251,1,1
627264,0,1
627327,1,1
627330,1,1
627441,2,2
627530,1,1
627597,1,1
627661,1,1
627764,1,1
627773,0,1
627787,1,1
627812,3,3
627821,0,1
627827,2,1
627834,0,1
627843,3,2
627895,1,1
627901,1,1
627973,2,2
628189,2,2
628217,2,2
628227,1,1
628245,2,3
628280,1,1
628316,0,1
628365,2,2
628367,1,1
628369,1,1
628455,1,1
628495,1,1
628530,1,1
628538,2,2
628545,0,0
628598,1,1
628630,1,2
628653,2,2
628669,1,1
628712,0,1
628715,3,2
628722,2,2
628759,2,2
628849,2,3
628851,2,2
628869,0,1
628870,1,1
628881,0,1
628929,1,1
628931,1,1
629153,1,1
629198,0,1
629310,2,1
629387,3,2
629514,2,2
629537,2,2
629542,2,2
629580,2,2
629633,0,1
629736,1,1
629745,2,2
629772,1,1
629777,1,1
629779,1,1
629813,2,1
629820,0,1
629853,1,1
629960,2,2
629961,2,2
629963,2,3
629978,2,1
629990,2,2
630008,2,2
630099,1,1
630108,1,1
630133,2,2
630149,2,2
630156,2,2
630169,2,2
630203,3,2
630219,1,1
630221,1,0
630240,3,2
630242,2,2
630446,1,1
630496,1,1
630522,1,1
630538,3,3
630569,1,1
630571,3,3
630762,2,2
630770,0,1
630776,3,2
630787,1,1
630788,1,1
630834,1,1
630841,1,1
630863,1,1
630881,1,1
630946,1,1
631033,1,1
631189,2,2
631201,1,1
631212,3,2
631277,1,1
631290,0,1
631392,0,1
631446,3,1
631454,0,0
631542,1,1
631554,3,2
631693,2,2
631753,1,1
631756,2,2
631786,1,1
631788,3,2
631935,1,1
631953,1,1
631978,2,2
631992,3,2
632152,3,2
632153,1,1
632210,2,2
632267,3,2
632475,1,1
632483,1,1
632485,1,1
632512,1,1
632514,0,1
632526,1,1
632533,3,2
632543,0,1
632558,2,2
632559,1,0
632569,0,1
632577,2,2
632613,2,2
632619,1,1
632631,2,2
632633,3,2
632638,2,2
632640,1,1
632667,1,1
632673,1,1
632675,1,1
632687,1,1
632936,1,1
632959,0,1
632966,3,2
632989,1,1
633026,3,1
633096,2,2
633098,1,1
633118,1,1
633123,1,1
633209,1,1
633285,2,1
633389,2,2
633417,1,1
633429,1,1
633435,2,2
633436,2,2
633448,2,2
633453,0,1
633459,1,1
633464,0,1
633474,0,1
633498,2,2
633514,1,1
633515,2,2
633569,2,2
633585,2,2
633588,1,1
633608,0,1
633609,1,1
633643,1,1
633660,1,1
633666,1,1
633682,1,1
633683,1,1
633685,1,1
633690,1,1
633747,1,1
633749,2,2
633923,1,1
633956,0,1
633967,2,2
633979,0,1
634018,1,1
634027,1,2
634054,2,2
634061,0,1
634066,2,2
634076,0,0
634234,0,1
634258,0,1
634273,2,2
634311,2,2
634316,1,1
634320,1,2
634323,0,0
634340,2,2
634344,2,2
634345,2,2
634347,3,2
634369,1,1
634404,0,0
634444,2,1
634461,2,2
634470,0,1
634494,2,2
634498,2,1
634503,1,1
634529,0,1
634530,1,1
634547,1,0
634551,1,1
634562,2,2
634569,1,1
634583,1,1
634746,1,1
634751,0,2
634789,3,2
634822,2,2
634848,2,2
634899,2,2
634933,2,2
634968,2,2
634986,1,1
635017,3,3
635035,1,0
635052,1,1
635233,0,1
635506,1,1
635813,1,1
635885,2,2
1338955,3,2
1413027,1,1
1422737,1,1
1860171,0,1
1882021,1,1
1897611,0,0
1986312,3,2
1994632,1,1
2011327,3,2
2067555,0,2
2081937,0,1
2082945,1,1
2135315,1,1
2237813,2,2
2252963,1,1
2262510,0,1
2264282,3,2
2272474,1,1
2322120,2,2
2351589,0,0
2392554,1,1
2410140,3,2
2445562,1,1
2452045,1,1
2477545,3,2
2526485,1,1
2533407,1,1
2546763,2,2
2563715,1,1
2574822,3,2
2574825,2,2
2577437,3,2
2619903,2,2
2649914,0,0
2658277,2,1
2672138,0,1
2677135,1,1
2682002,0,0
2689480,1,1
2695362,0,1
31205,2,2
52702,1,1
60162,1,1
63949,1,1
91041,3,3
92103,3,2
121182,0,1
125407,1,2
131314,1,1
132932,1,1
140938,3,3
141827,1,1
181251,2,2
198167,1,1
226879,0,1
226890,1,1
232480,2,2
237921,0,1
239751,1,1
260951,2,2
263341,1,1
275136,1,1
276893,1,1
290854,1,1
291937,2,2
302145,1,1
302522,2,2
308807,1,1
313925,0,1
317399,2,2
323940,0,1
330682,1,1
338113,1,1
339645,1,1
340242,1,1
342466,2,3
342946,2,1
343655,2,1
348837,0,1
350944,2,2
358341,1,1
358966,0,1
370129,3,2
371402,1,1
372141,1,1
378969,3,3
380599,1,1
380668,1,1
383608,3,2
386180,1,1
387446,1,1
388259,2,1
396532,2,2
402596,3,3
410043,2,2
414633,1,0
415307,2,2
416700,0,1
423093,1,0
429004,1,1
439170,0,1
442987,1,1
443765,1,1
465567,2,2
465952,1,2
470187,1,1
470900,1,1
472049,3,2
478886,0,1
480914,3,2
498564,2,2
499187,1,1
500915,3,2
501888,0,1
505216,1,1
505762,0,1
506205,1,1
513166,0,1
514648,0,1
515345,2,2
517263,1,1
521631,1,1
527039,2,2
527538,0,1
532862,2,2
534672,1,1
537115,2,2
541774,2,2
546286,0,1
546724,1,1
547334,2,2
554580,1,2
558486,1,1
559366,2,2
559766,2,2
560643,2,2
561419,1,1
566512,1,1
568852,2,1
569374,2,2
569672,1,2
571583,0,1
572471,1,1
573054,1,1
573320,2,2
574642,3,2
578797,0,1
579125,1,1
580717,3,3
581957,2,2
584099,1,1
586371,1,1
586861,3,3
587909,1,2
589562,0,1
591755,1,1
593658,1,1
595041,3,2
595941,1,1
599282,1,1
600320,1,1
602360,2,2
603585,2,2
604061,2,2
606856,3,2
607342,0,1
607387,0,1
608536,1,1
609257,0,1
609427,2,2
610302,0,1
611967,1,1
612235,1,1
612429,1,1
613027,1,1
613059,1,1
613728,2,1
614798,1,1
616704,3,2
617962,0,1
618253,2,2
620239,1,2
620826,3,2
621485,1,1
622118,2,2
623178,0,1
623475,1,1
623588,1,1
623812,0,1
624563,1,1
624767,0,1
625241,1,1
625411,1,1
625530,1,0
625835,3,2
626005,2,1
626384,0,1
627481,1,1
627809,2,2
627812,0,2
628172,2,2
628299,0,0
628569,2,2
629258,2,1
631446,1,1
631723,1,1
632161,1,1
632266,1,1
632365,0,1
632368,2,2
633060,1,1
633093,1,1
633424,1,1
633561,1,1
633818,1,1
633987,1,1
634019,1,1
634785,3,2
635279,0,1
635334,0,0
635703,1,1
635719,1,1
635779,1,1
635972,1,1
635988,2,1
636018,1,0
636282,0,1
636283,1,1
636323,3,2
636458,2,2
636464,2,1
636554,1,1
636718,3,2
637067,1,1
637203,0,1
637206,0,0
637246,3,3
637280,1,1
637468,1,1
637476,2,1
637496,1,1
637621,1,1
637722,0,0
637993,2,2
638007,1,1
638092,3,2
638228,0,0
638503,2,1
638561,3,2
638621,3,3
638699,1,1
639181,0,1
639251,1,1
639461,2,1
639533,3,2
639995,3,2
640505,0,1
640654,2,2
640835,3,2
640995,1,1
641073,3,2
641112,1,1
641134,3,2
641434,1,1
641452,2,2
641504,3,2
641535,2,2
641766,2,2
641940,3,2
642181,1,1
642196,2,2
642528,1,1
642561,1,1
642590,2,2
642694,1,1
642821,2,1
642851,1,1
642879,2,1
642883,1,1
642900,0,1
642905,1,1
642949,1,1
642953,1,1
642968,1,1
642989,1,1
643085,3,2
643191,3,2
643206,1,1
643323,1,1
643406,1,1
643525,3,2
643529,2,2
643619,1,1
643659,2,2
643672,1,0
643712,3,2
643970,1,1
644061,1,2
644105,2,1
644144,0,1
644160,1,1
644188,1,1
644191,3,2
644226,0,1
644252,2,2
644301,0,1
644384,1,1
644441,1,1
644470,1,1
644743,1,1
644904,1,1
644990,2,1
645157,1,1
645231,1,1
645232,0,0
645326,1,0
645377,0,1
645598,2,2
645607,1,1
645730,1,1
645801,1,1
645851,3,2
645876,0,1
645928,1,1
645969,1,1
646131,1,1
646152,2,2
646169,0,1
646342,1,1
646367,1,1
646401,3,2
646430,0,1
646432,2,2
646470,3,2
646508,0,1
646572,1,1
646576,1,1
646685,1,1
646729,1,1
646748,3,2
646801,2,2
646821,2,2
646857,0,1
646881,2,2
646889,3,3
646891,3,3
646905,1,1
646953,1,2
647054,1,1
647067,2,2
647102,0,0
647345,2,2
647442,3,2
647654,2,2
647758,3,2
647761,1,0
647850,1,1
647893,1,1
647986,1,1
648023,2,2
648049,1,1
648083,0,1
648100,1,1
648110,3,2
648115,3,3
648117,1,1
648158,3,2
648178,1,1
648207,1,1
648257,3,2
648274,0,1
648279,1,1
648380,1,1
648445,2,2
648498,0,1
648522,1,1
648528,1,1
648750,1,1
648983,0,1
649095,1,1
649113,3,2
649153,3,2
649194,0,1
649206,0,1
649300,3,2
649867,1,1
649909,1,0
650023,2,2
650257,3,3
650263,2,2
650268,0,1
650316,2,2
650388,2,2
650503,1,1
650630,2,2
650652,1,2
650656,3,2
650662,3,2
650698,1,1
650751,0,2
650901,0,1
651210,3,2
651259,3,2
651281,2,1
651319,1,1
651436,1,1
651602,3,2
651624,1,1
651628,1,1
651660,0,1
651730,3,2
651740,0,1
651748,3,3
651943,0,1
651954,2,3
652112,2,2
652281,1,1
652364,3,2
652414,1,1
652435,0,1
652462,1,1
652539,1,1
652574,2,2
652578,2,2
652968,2,3
653157,1,1
653230,3,2
653249,3,3
653252,1,1
653292,3,2
653374,0,1
653435,1,1
653495,1,1
653561,3,3
653601,2,2
653806,2,3
653824,1,1
653867,1,1
653943,0,1
654062,1,1
654064,1,0
654237,2,2
654321,2,2
654369,1,1
654681,0,1
654821,2,2
654914,1,1
654916,2,2
654945,0,1
654965,1,1
655065,2,2
655201,2,2
655376,1,1
655556,2,2
655625,2,2
655954,0,1
656014,2,2
656053,1,1
656111,2,2
656438,2,2
656506,0,1
656543,0,1
656637,2,2
656756,1,1
656936,1,0
656970,3,2
657045,1,1
657093,3,3
657231,1,1
657327,3,2
657351,3,2
674340,2,2
674359,2,1
674467,3,2
674471,3,3
674481,2,0
674563,1,1
674568,1,1
674640,1,2
674660,2,3
674710,2,2
674750,3,3
674766,2,1
674890,0,0
674927,1,1
674939,2,2
674983,3,2
675242,1,1
675247,0,1
675264,1,1
675578,1,1
675629,2,2
675811,0,1
675848,0,1
675879,3,2
675880,2,2
675885,3,2
675888,2,2
675891,0,1
675924,0,1
675949,0,1
675996,3,2
676034,0,1
676071,1,1
676387,1,1
676690,3,2
676739,2,2
676742,3,3
677022,3,2
677025,0,1
677066,1,1
677150,2,2
677184,3,2
677216,0,1
677278,2,3
677356,1,1
677433,2,2
677463,0,1
677491,0,1
677551,3,2
677928,1,0
677963,3,2
678004,1,1
678009,0,1
678241,3,2
678255,1,1
678261,1,1
678313,2,2
678432,1,1
678612,2,2
678618,1,1
678714,3,2
678762,1,1
678774,1,1
679127,0,1
679258,2,2
679275,3,2
679327,0,1
679332,2,2
679373,3,2
679405,3,2
679409,1,1
679769,1,1
679840,1,1
679921,1,1
680063,1,1
680176,1,2
680261,2,1
680340,2,2
680345,2,2
680354,2,2
680427,1,1
680484,2,2
680569,1,1
680850,2,2
680966,1,1
680988,3,2
680992,3,2
681065,0,0
681107,1,1
681154,1,1
681168,3,2
681195,3,2
681268,2,1
681383,2,2
681421,1,1
681447,1,2
681532,2,2
681696,1,1
681751,2,2
681791,3,2
681876,1,1
682001,1,1
682100,1,1
682123,0,0
682302,3,2
682307,2,2
682321,1,1
682413,1,1
682440,2,1
682481,3,2
682543,1,1
682625,1,1
682891,3,2
683005,1,1
683188,2,2
683256,1,1
683299,3,2
683336,0,1
683423,1,2
683633,1,1
683696,3,3
683841,2,1
683974,0,0
684116,1,1
684146,1,1
684169,0,1
684341,1,1
684393,1,1
684427,2,2
684456,1,1
684733,3,2
684802,0,0
684811,0,1
684903,2,2
684987,3,2
684995,2,3
685028,3,2
685096,3,2
685272,2,2
685282,2,2
685285,1,1
685338,0,0
685436,1,1
685447,2,2
685535,1,1
685545,1,1
685575,0,1
685627,1,1
685676,0,1
685877,3,2
685923,3,2
686028,2,2
686112,0,1
686194,1,1
686207,0,1
686267,1,1
686309,2,3
686373,2,2
686598,1,1
686650,2,1
686668,2,2
686898,3,3
686918,0,1
686921,1,1
687028,2,2
687082,2,2
687143,3,2
687302,1,1
687523,2,2
687534,3,2
687586,2,2
687620,0,1
687626,2,2
687653,1,1
687722,1,1
687780,1,0
687821,1,1
688038,0,1
688050,2,2
688199,0,0
688379,1,1
688388,0,0
688401,1,1
688658,3,2
688663,3,2
688811,1,1
688819,0,1
688822,2,2
688856,2,2
689065,2,1
689335,1,1
689371,0,1
689433,1,1
689485,2,2
689503,1,1
689554,3,2
689594,1,1
689636,1,1
689711,2,2
689754,1,1
689838,2,1
689839,2,1
689878,1,1
690029,1,1
690038,2,2
690044,1,1
690057,1,1
690065,2,2
690471,2,2
690556,2,2
690579,1,1
690895,3,2
691127,1,0
691229,1,1
691281,2,1
691371,1,1
691501,0,1
691519,1,1
691556,1,1
691577,3,2
691787,2,2
692018,1,1
692171,1,2
692206,2,1
692256,0,1
692320,2,2
692828,1,1
692972,0,1
693046,2,2
693053,0,1
693273,2,2
693364,1,1
693387,1,1
693421,0,1
693616,1,1
693763,1,1
693788,0,0
693843,1,1
694009,0,1
694070,2,1
694082,1,1
694292,1,1
694359,1,1
694416,3,2
694470,1,1
694723,0,1
694729,1,1
694782,0,1
695143,3,3
695509,1,1
695655,1,1
695877,2,2
695913,1,1
695951,1,1
696157,1,1
696514,0,1
696706,1,1
696708,2,2
696710,2,2
696711,2,2
696712,1,1
696713,1,1
696876,1,1
697314,1,1
697325,0,1
697328,1,1
697364,3,2
697456,2,2
697492,0,1
698019,2,2
698065,3,3
698163,0,1
698460,1,1
698548,0,1
699461,1,1
699628,2,2
1405453,0,1
1420575,1,1
1689081,1,1
1734156,1,2
1777563,1,1
1782236,1,1
1827650,0,1
1841303,3,2
1890660,2,2
1915795,1,1
1917808,3,2
1931810,2,2
1950911,1,1
1977701,1,1
2004143,1,1
2052942,1,1
2053521,1,1
2203216,3,2
2214722,3,1
2239862,3,2
2268380,1,1
2270562,0,1
2271766,1,1
2282141,3,2
2311714,1,1
2338614,3,2
2342238,3,2
2357806,3,2
2373245,0,1
2378591,2,2
2456431,2,1
2475886,2,3
2508153,1,1
2533195,1,1
2606765,1,1
2608143,3,3
2620947,0,1
2640965,2,2
2645731,0,0
2648187,1,1
2679821,3,2
2684003,0,1
